
Torre.elf:     file format elf32-avr

Sections:
Idx Name          Size      VMA       LMA       File off  Algn
  0 .data         0000005e  00800100  000018a8  0000193c  2**0
                  CONTENTS, ALLOC, LOAD, DATA
  1 .text         000018a8  00000000  00000000  00000094  2**1
                  CONTENTS, ALLOC, LOAD, READONLY, CODE
  2 .bss          00000058  0080015e  0080015e  0000199a  2**0
                  ALLOC
  3 .comment      0000005c  00000000  00000000  0000199a  2**0
                  CONTENTS, READONLY
  4 .note.gnu.avr.deviceinfo 00000040  00000000  00000000  000019f8  2**2
                  CONTENTS, READONLY
  5 .debug_aranges 000002c8  00000000  00000000  00001a38  2**0
                  CONTENTS, READONLY, DEBUGGING
  6 .debug_info   00002a5a  00000000  00000000  00001d00  2**0
                  CONTENTS, READONLY, DEBUGGING
  7 .debug_abbrev 00000ee0  00000000  00000000  0000475a  2**0
                  CONTENTS, READONLY, DEBUGGING
  8 .debug_line   00001a0f  00000000  00000000  0000563a  2**0
                  CONTENTS, READONLY, DEBUGGING
  9 .debug_frame  00000b58  00000000  00000000  0000704c  2**2
                  CONTENTS, READONLY, DEBUGGING
 10 .debug_str    00000de0  00000000  00000000  00007ba4  2**0
                  CONTENTS, READONLY, DEBUGGING
 11 .debug_loc    00002940  00000000  00000000  00008984  2**0
                  CONTENTS, READONLY, DEBUGGING
 12 .debug_ranges 00000288  00000000  00000000  0000b2c4  2**0
                  CONTENTS, READONLY, DEBUGGING

Disassembly of section .text:

00000000 <__vectors>:
       0:	45 c0       	rjmp	.+138    	; 0x8c <__ctors_end>
       2:	00 00       	nop
       4:	8b c0       	rjmp	.+278    	; 0x11c <__vector_1>
       6:	00 00       	nop
       8:	ba c0       	rjmp	.+372    	; 0x17e <__vector_2>
       a:	00 00       	nop
       c:	e9 c0       	rjmp	.+466    	; 0x1e0 <__vector_3>
       e:	00 00       	nop
      10:	18 c1       	rjmp	.+560    	; 0x242 <__vector_4>
      12:	00 00       	nop
      14:	47 c1       	rjmp	.+654    	; 0x2a4 <__vector_5>
      16:	00 00       	nop
      18:	76 c1       	rjmp	.+748    	; 0x306 <__vector_6>
      1a:	00 00       	nop
      1c:	a5 c1       	rjmp	.+842    	; 0x368 <__vector_7>
      1e:	00 00       	nop
      20:	54 c0       	rjmp	.+168    	; 0xca <__bad_interrupt>
      22:	00 00       	nop
      24:	94 c6       	rjmp	.+3368   	; 0xd4e <__vector_9>
      26:	00 00       	nop
      28:	c3 c6       	rjmp	.+3462   	; 0xdb0 <__vector_10>
      2a:	00 00       	nop
      2c:	5f c6       	rjmp	.+3262   	; 0xcec <__vector_11>
      2e:	00 00       	nop
      30:	4c c0       	rjmp	.+152    	; 0xca <__bad_interrupt>
      32:	00 00       	nop
      34:	e6 c5       	rjmp	.+3020   	; 0xc02 <__vector_13>
      36:	00 00       	nop
      38:	28 c6       	rjmp	.+3152   	; 0xc8a <__vector_14>
      3a:	00 00       	nop
      3c:	b1 c5       	rjmp	.+2914   	; 0xba0 <__vector_15>
      3e:	00 00       	nop
      40:	4d c5       	rjmp	.+2714   	; 0xadc <__vector_16>
      42:	00 00       	nop
      44:	7c c5       	rjmp	.+2808   	; 0xb3e <__vector_17>
      46:	00 00       	nop
      48:	18 c5       	rjmp	.+2608   	; 0xa7a <__vector_18>
      4a:	00 00       	nop
      4c:	3e c0       	rjmp	.+124    	; 0xca <__bad_interrupt>
      4e:	00 00       	nop
      50:	3c c0       	rjmp	.+120    	; 0xca <__bad_interrupt>
      52:	00 00       	nop
      54:	3a c0       	rjmp	.+116    	; 0xca <__bad_interrupt>
      56:	00 00       	nop
      58:	38 c0       	rjmp	.+112    	; 0xca <__bad_interrupt>
      5a:	00 00       	nop
      5c:	36 c0       	rjmp	.+108    	; 0xca <__bad_interrupt>
      5e:	00 00       	nop
      60:	34 c0       	rjmp	.+104    	; 0xca <__bad_interrupt>
      62:	00 00       	nop
      64:	32 c0       	rjmp	.+100    	; 0xca <__bad_interrupt>
      66:	00 00       	nop
      68:	30 c0       	rjmp	.+96     	; 0xca <__bad_interrupt>
      6a:	00 00       	nop
      6c:	2e c0       	rjmp	.+92     	; 0xca <__bad_interrupt>
      6e:	00 00       	nop
      70:	2c c0       	rjmp	.+88     	; 0xca <__bad_interrupt>
      72:	00 00       	nop
      74:	2a c0       	rjmp	.+84     	; 0xca <__bad_interrupt>
      76:	00 00       	nop
      78:	28 c0       	rjmp	.+80     	; 0xca <__bad_interrupt>
      7a:	00 00       	nop
      7c:	26 c0       	rjmp	.+76     	; 0xca <__bad_interrupt>
      7e:	00 00       	nop
      80:	f9 c6       	rjmp	.+3570   	; 0xe74 <__vector_32>
      82:	00 00       	nop
      84:	28 c7       	rjmp	.+3664   	; 0xed6 <__vector_33>
      86:	00 00       	nop
      88:	c4 c6       	rjmp	.+3464   	; 0xe12 <__vector_34>
	...

0000008c <__ctors_end>:
      8c:	11 24       	eor	r1, r1
      8e:	1f be       	out	0x3f, r1	; 63
      90:	cf ef       	ldi	r28, 0xFF	; 255
      92:	d0 e4       	ldi	r29, 0x40	; 64
      94:	de bf       	out	0x3e, r29	; 62
      96:	cd bf       	out	0x3d, r28	; 61

00000098 <__do_copy_data>:
      98:	11 e0       	ldi	r17, 0x01	; 1
      9a:	a0 e0       	ldi	r26, 0x00	; 0
      9c:	b1 e0       	ldi	r27, 0x01	; 1
      9e:	e8 ea       	ldi	r30, 0xA8	; 168
      a0:	f8 e1       	ldi	r31, 0x18	; 24
      a2:	00 e0       	ldi	r16, 0x00	; 0
      a4:	0b bf       	out	0x3b, r16	; 59
      a6:	02 c0       	rjmp	.+4      	; 0xac <__do_copy_data+0x14>
      a8:	07 90       	elpm	r0, Z+
      aa:	0d 92       	st	X+, r0
      ac:	ae 35       	cpi	r26, 0x5E	; 94
      ae:	b1 07       	cpc	r27, r17
      b0:	d9 f7       	brne	.-10     	; 0xa8 <__do_copy_data+0x10>

000000b2 <__do_clear_bss>:
      b2:	21 e0       	ldi	r18, 0x01	; 1
      b4:	ae e5       	ldi	r26, 0x5E	; 94
      b6:	b1 e0       	ldi	r27, 0x01	; 1
      b8:	01 c0       	rjmp	.+2      	; 0xbc <.do_clear_bss_start>

000000ba <.do_clear_bss_loop>:
      ba:	1d 92       	st	X+, r1

000000bc <.do_clear_bss_start>:
      bc:	a6 3b       	cpi	r26, 0xB6	; 182
      be:	b2 07       	cpc	r27, r18
      c0:	e1 f7       	brne	.-8      	; 0xba <.do_clear_bss_loop>
      c2:	0e 94 de 08 	call	0x11bc	; 0x11bc <main>
      c6:	0c 94 52 0c 	jmp	0x18a4	; 0x18a4 <_exit>

000000ca <__bad_interrupt>:
      ca:	9a cf       	rjmp	.-204    	; 0x0 <__vectors>

000000cc <HAL_EXT_INT_RegisterCallback>:
    HAL_CRITICAL_ENTER(sreg);
    _hal_pcint_cb[bank] = callback;
    HAL_CRITICAL_EXIT(sreg);

    return 0;
}
      cc:	83 30       	cpi	r24, 0x03	; 3
      ce:	20 f5       	brcc	.+72     	; 0x118 <HAL_EXT_INT_RegisterCallback+0x4c>
      d0:	a8 2f       	mov	r26, r24
      d2:	aa 0f       	add	r26, r26
      d4:	e9 e6       	ldi	r30, 0x69	; 105
      d6:	f0 e0       	ldi	r31, 0x00	; 0
      d8:	90 81       	ld	r25, Z
      da:	23 e0       	ldi	r18, 0x03	; 3
      dc:	30 e0       	ldi	r19, 0x00	; 0
      de:	0a 2e       	mov	r0, r26
      e0:	02 c0       	rjmp	.+4      	; 0xe6 <HAL_EXT_INT_RegisterCallback+0x1a>
      e2:	22 0f       	add	r18, r18
      e4:	33 1f       	adc	r19, r19
      e6:	0a 94       	dec	r0
      e8:	e2 f7       	brpl	.-8      	; 0xe2 <HAL_EXT_INT_RegisterCallback+0x16>
      ea:	70 e0       	ldi	r23, 0x00	; 0
      ec:	02 c0       	rjmp	.+4      	; 0xf2 <HAL_EXT_INT_RegisterCallback+0x26>
      ee:	66 0f       	add	r22, r22
      f0:	77 1f       	adc	r23, r23
      f2:	aa 95       	dec	r26
      f4:	e2 f7       	brpl	.-8      	; 0xee <HAL_EXT_INT_RegisterCallback+0x22>
      f6:	20 95       	com	r18
      f8:	29 23       	and	r18, r25
      fa:	62 2b       	or	r22, r18
      fc:	60 83       	st	Z, r22
      fe:	9f b7       	in	r25, 0x3f	; 63
     100:	f8 94       	cli
     102:	e8 2f       	mov	r30, r24
     104:	f0 e0       	ldi	r31, 0x00	; 0
     106:	ee 0f       	add	r30, r30
     108:	ff 1f       	adc	r31, r31
     10a:	ea 59       	subi	r30, 0x9A	; 154
     10c:	fe 4f       	sbci	r31, 0xFE	; 254
     10e:	51 83       	std	Z+1, r21	; 0x01
     110:	40 83       	st	Z, r20
     112:	9f bf       	out	0x3f, r25	; 63
     114:	80 e0       	ldi	r24, 0x00	; 0
     116:	08 95       	ret
     118:	8f ef       	ldi	r24, 0xFF	; 255
     11a:	08 95       	ret

0000011c <__vector_1>:
   Verificar NULL protege contra IRQ disparadas antes de que
   el usuario registre su funcion.
   ========================================= */

ISR(INT0_vect)
{
     11c:	1f 92       	push	r1
     11e:	0f 92       	push	r0
     120:	0f b6       	in	r0, 0x3f	; 63
     122:	0f 92       	push	r0
     124:	11 24       	eor	r1, r1
     126:	0b b6       	in	r0, 0x3b	; 59
     128:	0f 92       	push	r0
     12a:	2f 93       	push	r18
     12c:	3f 93       	push	r19
     12e:	4f 93       	push	r20
     130:	5f 93       	push	r21
     132:	6f 93       	push	r22
     134:	7f 93       	push	r23
     136:	8f 93       	push	r24
     138:	9f 93       	push	r25
     13a:	af 93       	push	r26
     13c:	bf 93       	push	r27
     13e:	ef 93       	push	r30
     140:	ff 93       	push	r31
    if (_hal_ext_cb[HAL_EXT_INT0] != NULL) {
     142:	80 91 66 01 	lds	r24, 0x0166	; 0x800166 <_hal_ext_cb>
     146:	90 91 67 01 	lds	r25, 0x0167	; 0x800167 <_hal_ext_cb+0x1>
     14a:	89 2b       	or	r24, r25
     14c:	29 f0       	breq	.+10     	; 0x158 <__vector_1+0x3c>
        _hal_ext_cb[HAL_EXT_INT0]();
     14e:	e0 91 66 01 	lds	r30, 0x0166	; 0x800166 <_hal_ext_cb>
     152:	f0 91 67 01 	lds	r31, 0x0167	; 0x800167 <_hal_ext_cb+0x1>
     156:	09 95       	icall
    }
}
     158:	ff 91       	pop	r31
     15a:	ef 91       	pop	r30
     15c:	bf 91       	pop	r27
     15e:	af 91       	pop	r26
     160:	9f 91       	pop	r25
     162:	8f 91       	pop	r24
     164:	7f 91       	pop	r23
     166:	6f 91       	pop	r22
     168:	5f 91       	pop	r21
     16a:	4f 91       	pop	r20
     16c:	3f 91       	pop	r19
     16e:	2f 91       	pop	r18
     170:	0f 90       	pop	r0
     172:	0b be       	out	0x3b, r0	; 59
     174:	0f 90       	pop	r0
     176:	0f be       	out	0x3f, r0	; 63
     178:	0f 90       	pop	r0
     17a:	1f 90       	pop	r1
     17c:	18 95       	reti

0000017e <__vector_2>:

ISR(INT1_vect)
{
     17e:	1f 92       	push	r1
     180:	0f 92       	push	r0
     182:	0f b6       	in	r0, 0x3f	; 63
     184:	0f 92       	push	r0
     186:	11 24       	eor	r1, r1
     188:	0b b6       	in	r0, 0x3b	; 59
     18a:	0f 92       	push	r0
     18c:	2f 93       	push	r18
     18e:	3f 93       	push	r19
     190:	4f 93       	push	r20
     192:	5f 93       	push	r21
     194:	6f 93       	push	r22
     196:	7f 93       	push	r23
     198:	8f 93       	push	r24
     19a:	9f 93       	push	r25
     19c:	af 93       	push	r26
     19e:	bf 93       	push	r27
     1a0:	ef 93       	push	r30
     1a2:	ff 93       	push	r31
    if (_hal_ext_cb[HAL_EXT_INT1] != NULL) {
     1a4:	80 91 68 01 	lds	r24, 0x0168	; 0x800168 <_hal_ext_cb+0x2>
     1a8:	90 91 69 01 	lds	r25, 0x0169	; 0x800169 <_hal_ext_cb+0x3>
     1ac:	89 2b       	or	r24, r25
     1ae:	29 f0       	breq	.+10     	; 0x1ba <__vector_2+0x3c>
        _hal_ext_cb[HAL_EXT_INT1]();
     1b0:	e0 91 68 01 	lds	r30, 0x0168	; 0x800168 <_hal_ext_cb+0x2>
     1b4:	f0 91 69 01 	lds	r31, 0x0169	; 0x800169 <_hal_ext_cb+0x3>
     1b8:	09 95       	icall
    }
}
     1ba:	ff 91       	pop	r31
     1bc:	ef 91       	pop	r30
     1be:	bf 91       	pop	r27
     1c0:	af 91       	pop	r26
     1c2:	9f 91       	pop	r25
     1c4:	8f 91       	pop	r24
     1c6:	7f 91       	pop	r23
     1c8:	6f 91       	pop	r22
     1ca:	5f 91       	pop	r21
     1cc:	4f 91       	pop	r20
     1ce:	3f 91       	pop	r19
     1d0:	2f 91       	pop	r18
     1d2:	0f 90       	pop	r0
     1d4:	0b be       	out	0x3b, r0	; 59
     1d6:	0f 90       	pop	r0
     1d8:	0f be       	out	0x3f, r0	; 63
     1da:	0f 90       	pop	r0
     1dc:	1f 90       	pop	r1
     1de:	18 95       	reti

000001e0 <__vector_3>:

#if defined(HAL_TARGET_1284P)
ISR(INT2_vect)
{
     1e0:	1f 92       	push	r1
     1e2:	0f 92       	push	r0
     1e4:	0f b6       	in	r0, 0x3f	; 63
     1e6:	0f 92       	push	r0
     1e8:	11 24       	eor	r1, r1
     1ea:	0b b6       	in	r0, 0x3b	; 59
     1ec:	0f 92       	push	r0
     1ee:	2f 93       	push	r18
     1f0:	3f 93       	push	r19
     1f2:	4f 93       	push	r20
     1f4:	5f 93       	push	r21
     1f6:	6f 93       	push	r22
     1f8:	7f 93       	push	r23
     1fa:	8f 93       	push	r24
     1fc:	9f 93       	push	r25
     1fe:	af 93       	push	r26
     200:	bf 93       	push	r27
     202:	ef 93       	push	r30
     204:	ff 93       	push	r31
    if (_hal_ext_cb[HAL_EXT_INT2] != NULL) {
     206:	80 91 6a 01 	lds	r24, 0x016A	; 0x80016a <_hal_ext_cb+0x4>
     20a:	90 91 6b 01 	lds	r25, 0x016B	; 0x80016b <_hal_ext_cb+0x5>
     20e:	89 2b       	or	r24, r25
     210:	29 f0       	breq	.+10     	; 0x21c <__vector_3+0x3c>
        _hal_ext_cb[HAL_EXT_INT2]();
     212:	e0 91 6a 01 	lds	r30, 0x016A	; 0x80016a <_hal_ext_cb+0x4>
     216:	f0 91 6b 01 	lds	r31, 0x016B	; 0x80016b <_hal_ext_cb+0x5>
     21a:	09 95       	icall
    }
}
     21c:	ff 91       	pop	r31
     21e:	ef 91       	pop	r30
     220:	bf 91       	pop	r27
     222:	af 91       	pop	r26
     224:	9f 91       	pop	r25
     226:	8f 91       	pop	r24
     228:	7f 91       	pop	r23
     22a:	6f 91       	pop	r22
     22c:	5f 91       	pop	r21
     22e:	4f 91       	pop	r20
     230:	3f 91       	pop	r19
     232:	2f 91       	pop	r18
     234:	0f 90       	pop	r0
     236:	0b be       	out	0x3b, r0	; 59
     238:	0f 90       	pop	r0
     23a:	0f be       	out	0x3f, r0	; 63
     23c:	0f 90       	pop	r0
     23e:	1f 90       	pop	r1
     240:	18 95       	reti

00000242 <__vector_4>:
   no se sabe que pin cambio — eso lo determina el usuario
   leyendo el puerto en su callback.
   ========================================= */

ISR(PCINT0_vect)
{
     242:	1f 92       	push	r1
     244:	0f 92       	push	r0
     246:	0f b6       	in	r0, 0x3f	; 63
     248:	0f 92       	push	r0
     24a:	11 24       	eor	r1, r1
     24c:	0b b6       	in	r0, 0x3b	; 59
     24e:	0f 92       	push	r0
     250:	2f 93       	push	r18
     252:	3f 93       	push	r19
     254:	4f 93       	push	r20
     256:	5f 93       	push	r21
     258:	6f 93       	push	r22
     25a:	7f 93       	push	r23
     25c:	8f 93       	push	r24
     25e:	9f 93       	push	r25
     260:	af 93       	push	r26
     262:	bf 93       	push	r27
     264:	ef 93       	push	r30
     266:	ff 93       	push	r31
    if (_hal_pcint_cb[HAL_PCINT_BANK0] != NULL) {
     268:	80 91 5e 01 	lds	r24, 0x015E	; 0x80015e <__data_end>
     26c:	90 91 5f 01 	lds	r25, 0x015F	; 0x80015f <__data_end+0x1>
     270:	89 2b       	or	r24, r25
     272:	29 f0       	breq	.+10     	; 0x27e <__vector_4+0x3c>
        _hal_pcint_cb[HAL_PCINT_BANK0]();
     274:	e0 91 5e 01 	lds	r30, 0x015E	; 0x80015e <__data_end>
     278:	f0 91 5f 01 	lds	r31, 0x015F	; 0x80015f <__data_end+0x1>
     27c:	09 95       	icall
    }
}
     27e:	ff 91       	pop	r31
     280:	ef 91       	pop	r30
     282:	bf 91       	pop	r27
     284:	af 91       	pop	r26
     286:	9f 91       	pop	r25
     288:	8f 91       	pop	r24
     28a:	7f 91       	pop	r23
     28c:	6f 91       	pop	r22
     28e:	5f 91       	pop	r21
     290:	4f 91       	pop	r20
     292:	3f 91       	pop	r19
     294:	2f 91       	pop	r18
     296:	0f 90       	pop	r0
     298:	0b be       	out	0x3b, r0	; 59
     29a:	0f 90       	pop	r0
     29c:	0f be       	out	0x3f, r0	; 63
     29e:	0f 90       	pop	r0
     2a0:	1f 90       	pop	r1
     2a2:	18 95       	reti

000002a4 <__vector_5>:

ISR(PCINT1_vect)
{
     2a4:	1f 92       	push	r1
     2a6:	0f 92       	push	r0
     2a8:	0f b6       	in	r0, 0x3f	; 63
     2aa:	0f 92       	push	r0
     2ac:	11 24       	eor	r1, r1
     2ae:	0b b6       	in	r0, 0x3b	; 59
     2b0:	0f 92       	push	r0
     2b2:	2f 93       	push	r18
     2b4:	3f 93       	push	r19
     2b6:	4f 93       	push	r20
     2b8:	5f 93       	push	r21
     2ba:	6f 93       	push	r22
     2bc:	7f 93       	push	r23
     2be:	8f 93       	push	r24
     2c0:	9f 93       	push	r25
     2c2:	af 93       	push	r26
     2c4:	bf 93       	push	r27
     2c6:	ef 93       	push	r30
     2c8:	ff 93       	push	r31
    if (_hal_pcint_cb[HAL_PCINT_BANK1] != NULL) {
     2ca:	80 91 60 01 	lds	r24, 0x0160	; 0x800160 <__data_end+0x2>
     2ce:	90 91 61 01 	lds	r25, 0x0161	; 0x800161 <__data_end+0x3>
     2d2:	89 2b       	or	r24, r25
     2d4:	29 f0       	breq	.+10     	; 0x2e0 <__vector_5+0x3c>
        _hal_pcint_cb[HAL_PCINT_BANK1]();
     2d6:	e0 91 60 01 	lds	r30, 0x0160	; 0x800160 <__data_end+0x2>
     2da:	f0 91 61 01 	lds	r31, 0x0161	; 0x800161 <__data_end+0x3>
     2de:	09 95       	icall
    }
}
     2e0:	ff 91       	pop	r31
     2e2:	ef 91       	pop	r30
     2e4:	bf 91       	pop	r27
     2e6:	af 91       	pop	r26
     2e8:	9f 91       	pop	r25
     2ea:	8f 91       	pop	r24
     2ec:	7f 91       	pop	r23
     2ee:	6f 91       	pop	r22
     2f0:	5f 91       	pop	r21
     2f2:	4f 91       	pop	r20
     2f4:	3f 91       	pop	r19
     2f6:	2f 91       	pop	r18
     2f8:	0f 90       	pop	r0
     2fa:	0b be       	out	0x3b, r0	; 59
     2fc:	0f 90       	pop	r0
     2fe:	0f be       	out	0x3f, r0	; 63
     300:	0f 90       	pop	r0
     302:	1f 90       	pop	r1
     304:	18 95       	reti

00000306 <__vector_6>:

ISR(PCINT2_vect)
{
     306:	1f 92       	push	r1
     308:	0f 92       	push	r0
     30a:	0f b6       	in	r0, 0x3f	; 63
     30c:	0f 92       	push	r0
     30e:	11 24       	eor	r1, r1
     310:	0b b6       	in	r0, 0x3b	; 59
     312:	0f 92       	push	r0
     314:	2f 93       	push	r18
     316:	3f 93       	push	r19
     318:	4f 93       	push	r20
     31a:	5f 93       	push	r21
     31c:	6f 93       	push	r22
     31e:	7f 93       	push	r23
     320:	8f 93       	push	r24
     322:	9f 93       	push	r25
     324:	af 93       	push	r26
     326:	bf 93       	push	r27
     328:	ef 93       	push	r30
     32a:	ff 93       	push	r31
    if (_hal_pcint_cb[HAL_PCINT_BANK2] != NULL) {
     32c:	80 91 62 01 	lds	r24, 0x0162	; 0x800162 <__data_end+0x4>
     330:	90 91 63 01 	lds	r25, 0x0163	; 0x800163 <__data_end+0x5>
     334:	89 2b       	or	r24, r25
     336:	29 f0       	breq	.+10     	; 0x342 <__vector_6+0x3c>
        _hal_pcint_cb[HAL_PCINT_BANK2]();
     338:	e0 91 62 01 	lds	r30, 0x0162	; 0x800162 <__data_end+0x4>
     33c:	f0 91 63 01 	lds	r31, 0x0163	; 0x800163 <__data_end+0x5>
     340:	09 95       	icall
    }
}
     342:	ff 91       	pop	r31
     344:	ef 91       	pop	r30
     346:	bf 91       	pop	r27
     348:	af 91       	pop	r26
     34a:	9f 91       	pop	r25
     34c:	8f 91       	pop	r24
     34e:	7f 91       	pop	r23
     350:	6f 91       	pop	r22
     352:	5f 91       	pop	r21
     354:	4f 91       	pop	r20
     356:	3f 91       	pop	r19
     358:	2f 91       	pop	r18
     35a:	0f 90       	pop	r0
     35c:	0b be       	out	0x3b, r0	; 59
     35e:	0f 90       	pop	r0
     360:	0f be       	out	0x3f, r0	; 63
     362:	0f 90       	pop	r0
     364:	1f 90       	pop	r1
     366:	18 95       	reti

00000368 <__vector_7>:

#if defined(HAL_TARGET_1284P)
ISR(PCINT3_vect)
{
     368:	1f 92       	push	r1
     36a:	0f 92       	push	r0
     36c:	0f b6       	in	r0, 0x3f	; 63
     36e:	0f 92       	push	r0
     370:	11 24       	eor	r1, r1
     372:	0b b6       	in	r0, 0x3b	; 59
     374:	0f 92       	push	r0
     376:	2f 93       	push	r18
     378:	3f 93       	push	r19
     37a:	4f 93       	push	r20
     37c:	5f 93       	push	r21
     37e:	6f 93       	push	r22
     380:	7f 93       	push	r23
     382:	8f 93       	push	r24
     384:	9f 93       	push	r25
     386:	af 93       	push	r26
     388:	bf 93       	push	r27
     38a:	ef 93       	push	r30
     38c:	ff 93       	push	r31
    if (_hal_pcint_cb[HAL_PCINT_BANK3] != NULL) {
     38e:	80 91 64 01 	lds	r24, 0x0164	; 0x800164 <__data_end+0x6>
     392:	90 91 65 01 	lds	r25, 0x0165	; 0x800165 <__data_end+0x7>
     396:	89 2b       	or	r24, r25
     398:	29 f0       	breq	.+10     	; 0x3a4 <__vector_7+0x3c>
        _hal_pcint_cb[HAL_PCINT_BANK3]();
     39a:	e0 91 64 01 	lds	r30, 0x0164	; 0x800164 <__data_end+0x6>
     39e:	f0 91 65 01 	lds	r31, 0x0165	; 0x800165 <__data_end+0x7>
     3a2:	09 95       	icall
    }
}
     3a4:	ff 91       	pop	r31
     3a6:	ef 91       	pop	r30
     3a8:	bf 91       	pop	r27
     3aa:	af 91       	pop	r26
     3ac:	9f 91       	pop	r25
     3ae:	8f 91       	pop	r24
     3b0:	7f 91       	pop	r23
     3b2:	6f 91       	pop	r22
     3b4:	5f 91       	pop	r21
     3b6:	4f 91       	pop	r20
     3b8:	3f 91       	pop	r19
     3ba:	2f 91       	pop	r18
     3bc:	0f 90       	pop	r0
     3be:	0b be       	out	0x3b, r0	; 59
     3c0:	0f 90       	pop	r0
     3c2:	0f be       	out	0x3f, r0	; 63
     3c4:	0f 90       	pop	r0
     3c6:	1f 90       	pop	r1
     3c8:	18 95       	reti

000003ca <_write_nibble>:
	#else
		//round up by default
		__ticks_dc = (uint32_t)(ceil(fabs(__tmp)));
	#endif

	__builtin_avr_delay_cycles(__ticks_dc);
     3ca:	80 fd       	sbrc	r24, 0
     3cc:	04 c0       	rjmp	.+8      	; 0x3d6 <_write_nibble+0xc>
     3ce:	92 b1       	in	r25, 0x02	; 2
     3d0:	9f 7e       	andi	r25, 0xEF	; 239
     3d2:	92 b9       	out	0x02, r25	; 2
     3d4:	03 c0       	rjmp	.+6      	; 0x3dc <_write_nibble+0x12>
     3d6:	92 b1       	in	r25, 0x02	; 2
     3d8:	90 61       	ori	r25, 0x10	; 16
     3da:	92 b9       	out	0x02, r25	; 2
     3dc:	81 fd       	sbrc	r24, 1
     3de:	04 c0       	rjmp	.+8      	; 0x3e8 <_write_nibble+0x1e>
     3e0:	92 b1       	in	r25, 0x02	; 2
     3e2:	9f 7d       	andi	r25, 0xDF	; 223
     3e4:	92 b9       	out	0x02, r25	; 2
     3e6:	03 c0       	rjmp	.+6      	; 0x3ee <_write_nibble+0x24>
     3e8:	92 b1       	in	r25, 0x02	; 2
     3ea:	90 62       	ori	r25, 0x20	; 32
     3ec:	92 b9       	out	0x02, r25	; 2
     3ee:	82 fd       	sbrc	r24, 2
     3f0:	04 c0       	rjmp	.+8      	; 0x3fa <_write_nibble+0x30>
     3f2:	92 b1       	in	r25, 0x02	; 2
     3f4:	9f 7b       	andi	r25, 0xBF	; 191
     3f6:	92 b9       	out	0x02, r25	; 2
     3f8:	03 c0       	rjmp	.+6      	; 0x400 <__LOCK_REGION_LENGTH__>
     3fa:	92 b1       	in	r25, 0x02	; 2
     3fc:	90 64       	ori	r25, 0x40	; 64
     3fe:	92 b9       	out	0x02, r25	; 2
     400:	83 fd       	sbrc	r24, 3
     402:	04 c0       	rjmp	.+8      	; 0x40c <__LOCK_REGION_LENGTH__+0xc>
     404:	82 b1       	in	r24, 0x02	; 2
     406:	8f 77       	andi	r24, 0x7F	; 127
     408:	82 b9       	out	0x02, r24	; 2
     40a:	03 c0       	rjmp	.+6      	; 0x412 <__LOCK_REGION_LENGTH__+0x12>
     40c:	82 b1       	in	r24, 0x02	; 2
     40e:	80 68       	ori	r24, 0x80	; 128
     410:	82 b9       	out	0x02, r24	; 2
     412:	82 b1       	in	r24, 0x02	; 2
     414:	8d 7f       	andi	r24, 0xFD	; 253
     416:	82 b9       	out	0x02, r24	; 2
     418:	82 b1       	in	r24, 0x02	; 2
     41a:	82 60       	ori	r24, 0x02	; 2
     41c:	82 b9       	out	0x02, r24	; 2
     41e:	82 b1       	in	r24, 0x02	; 2
     420:	8d 7f       	andi	r24, 0xFD	; 253
     422:	82 b9       	out	0x02, r24	; 2
     424:	84 e6       	ldi	r24, 0x64	; 100
     426:	8a 95       	dec	r24
     428:	f1 f7       	brne	.-4      	; 0x426 <__LOCK_REGION_LENGTH__+0x26>
     42a:	08 95       	ret

0000042c <_send_byte>:
     42c:	cf 93       	push	r28
     42e:	c8 2f       	mov	r28, r24
     430:	66 23       	and	r22, r22
     432:	19 f0       	breq	.+6      	; 0x43a <_send_byte+0xe>
     434:	61 30       	cpi	r22, 0x01	; 1
     436:	29 f0       	breq	.+10     	; 0x442 <_send_byte+0x16>
     438:	07 c0       	rjmp	.+14     	; 0x448 <_send_byte+0x1c>
     43a:	82 b1       	in	r24, 0x02	; 2
     43c:	8e 7f       	andi	r24, 0xFE	; 254
     43e:	82 b9       	out	0x02, r24	; 2
     440:	03 c0       	rjmp	.+6      	; 0x448 <_send_byte+0x1c>
     442:	82 b1       	in	r24, 0x02	; 2
     444:	81 60       	ori	r24, 0x01	; 1
     446:	82 b9       	out	0x02, r24	; 2
     448:	8c 2f       	mov	r24, r28
     44a:	82 95       	swap	r24
     44c:	8f 70       	andi	r24, 0x0F	; 15
     44e:	bd df       	rcall	.-134    	; 0x3ca <_write_nibble>
     450:	8c 2f       	mov	r24, r28
     452:	8f 70       	andi	r24, 0x0F	; 15
     454:	ba df       	rcall	.-140    	; 0x3ca <_write_nibble>
     456:	cf 91       	pop	r28
     458:	08 95       	ret

0000045a <lcd_write>:
     45a:	61 e0       	ldi	r22, 0x01	; 1
     45c:	e7 cf       	rjmp	.-50     	; 0x42c <_send_byte>
     45e:	08 95       	ret

00000460 <lcd_command>:
     460:	60 e0       	ldi	r22, 0x00	; 0
     462:	e4 cf       	rjmp	.-56     	; 0x42c <_send_byte>
     464:	08 95       	ret

00000466 <lcd_init>:
     466:	81 b1       	in	r24, 0x01	; 1
     468:	81 60       	ori	r24, 0x01	; 1
     46a:	81 b9       	out	0x01, r24	; 1
     46c:	81 b1       	in	r24, 0x01	; 1
     46e:	82 60       	ori	r24, 0x02	; 2
     470:	81 b9       	out	0x01, r24	; 1
     472:	81 b1       	in	r24, 0x01	; 1
     474:	80 61       	ori	r24, 0x10	; 16
     476:	81 b9       	out	0x01, r24	; 1
     478:	81 b1       	in	r24, 0x01	; 1
     47a:	80 62       	ori	r24, 0x20	; 32
     47c:	81 b9       	out	0x01, r24	; 1
     47e:	81 b1       	in	r24, 0x01	; 1
     480:	80 64       	ori	r24, 0x40	; 64
     482:	81 b9       	out	0x01, r24	; 1
     484:	81 b1       	in	r24, 0x01	; 1
     486:	80 68       	ori	r24, 0x80	; 128
     488:	81 b9       	out	0x01, r24	; 1
     48a:	82 b1       	in	r24, 0x02	; 2
     48c:	8e 7f       	andi	r24, 0xFE	; 254
     48e:	82 b9       	out	0x02, r24	; 2
     490:	82 b1       	in	r24, 0x02	; 2
     492:	8d 7f       	andi	r24, 0xFD	; 253
     494:	82 b9       	out	0x02, r24	; 2
     496:	82 b1       	in	r24, 0x02	; 2
     498:	8f 7e       	andi	r24, 0xEF	; 239
     49a:	82 b9       	out	0x02, r24	; 2
     49c:	82 b1       	in	r24, 0x02	; 2
     49e:	8f 7d       	andi	r24, 0xDF	; 223
     4a0:	82 b9       	out	0x02, r24	; 2
     4a2:	82 b1       	in	r24, 0x02	; 2
     4a4:	8f 7b       	andi	r24, 0xBF	; 191
     4a6:	82 b9       	out	0x02, r24	; 2
     4a8:	82 b1       	in	r24, 0x02	; 2
     4aa:	8f 77       	andi	r24, 0x7F	; 127
     4ac:	82 b9       	out	0x02, r24	; 2
     4ae:	85 ea       	ldi	r24, 0xA5	; 165
     4b0:	9e e0       	ldi	r25, 0x0E	; 14
     4b2:	01 97       	sbiw	r24, 0x01	; 1
     4b4:	f1 f7       	brne	.-4      	; 0x4b2 <lcd_init+0x4c>
     4b6:	00 c0       	rjmp	.+0      	; 0x4b8 <lcd_init+0x52>
     4b8:	00 00       	nop
     4ba:	83 e0       	ldi	r24, 0x03	; 3
     4bc:	86 df       	rcall	.-244    	; 0x3ca <_write_nibble>
     4be:	80 e0       	ldi	r24, 0x00	; 0
     4c0:	94 e0       	ldi	r25, 0x04	; 4
     4c2:	01 97       	sbiw	r24, 0x01	; 1
     4c4:	f1 f7       	brne	.-4      	; 0x4c2 <lcd_init+0x5c>
     4c6:	00 c0       	rjmp	.+0      	; 0x4c8 <lcd_init+0x62>
     4c8:	00 00       	nop
     4ca:	83 e0       	ldi	r24, 0x03	; 3
     4cc:	7e df       	rcall	.-260    	; 0x3ca <_write_nibble>
     4ce:	91 e2       	ldi	r25, 0x21	; 33
     4d0:	9a 95       	dec	r25
     4d2:	f1 f7       	brne	.-4      	; 0x4d0 <lcd_init+0x6a>
     4d4:	00 00       	nop
     4d6:	83 e0       	ldi	r24, 0x03	; 3
     4d8:	78 df       	rcall	.-272    	; 0x3ca <_write_nibble>
     4da:	82 e0       	ldi	r24, 0x02	; 2
     4dc:	76 df       	rcall	.-276    	; 0x3ca <_write_nibble>
     4de:	88 e2       	ldi	r24, 0x28	; 40
     4e0:	bf df       	rcall	.-130    	; 0x460 <lcd_command>
     4e2:	8c e0       	ldi	r24, 0x0C	; 12
     4e4:	8a 95       	dec	r24
     4e6:	f1 f7       	brne	.-4      	; 0x4e4 <lcd_init+0x7e>
     4e8:	00 00       	nop
     4ea:	87 e0       	ldi	r24, 0x07	; 7
     4ec:	80 93 81 01 	sts	0x0181, r24	; 0x800181 <_lcd_params>
     4f0:	8f e0       	ldi	r24, 0x0F	; 15
     4f2:	b6 df       	rcall	.-148    	; 0x460 <lcd_command>
     4f4:	9c e0       	ldi	r25, 0x0C	; 12
     4f6:	9a 95       	dec	r25
     4f8:	f1 f7       	brne	.-4      	; 0x4f6 <lcd_init+0x90>
     4fa:	00 00       	nop
     4fc:	81 e0       	ldi	r24, 0x01	; 1
     4fe:	b0 df       	rcall	.-160    	; 0x460 <lcd_command>
     500:	83 ef       	ldi	r24, 0xF3	; 243
     502:	91 e0       	ldi	r25, 0x01	; 1
     504:	01 97       	sbiw	r24, 0x01	; 1
     506:	f1 f7       	brne	.-4      	; 0x504 <lcd_init+0x9e>
     508:	00 c0       	rjmp	.+0      	; 0x50a <lcd_init+0xa4>
     50a:	00 00       	nop
     50c:	08 95       	ret

0000050e <lcd_puts>:
     50e:	cf 93       	push	r28
     510:	df 93       	push	r29
     512:	ec 01       	movw	r28, r24
     514:	02 c0       	rjmp	.+4      	; 0x51a <lcd_puts+0xc>
     516:	a1 df       	rcall	.-190    	; 0x45a <lcd_write>
     518:	21 96       	adiw	r28, 0x01	; 1
     51a:	88 81       	ld	r24, Y
     51c:	81 11       	cpse	r24, r1
     51e:	fb cf       	rjmp	.-10     	; 0x516 <lcd_puts+0x8>
     520:	df 91       	pop	r29
     522:	cf 91       	pop	r28
     524:	08 95       	ret

00000526 <lcd_set_cursor>:
     526:	e8 2f       	mov	r30, r24
     528:	f0 e0       	ldi	r31, 0x00	; 0
     52a:	ef 5f       	subi	r30, 0xFF	; 255
     52c:	fe 4f       	sbci	r31, 0xFE	; 254
     52e:	80 81       	ld	r24, Z
     530:	86 0f       	add	r24, r22
     532:	81 50       	subi	r24, 0x01	; 1
     534:	80 68       	ori	r24, 0x80	; 128
     536:	94 cf       	rjmp	.-216    	; 0x460 <lcd_command>
     538:	08 95       	ret

0000053a <lcd_printf>:
     53a:	cf 93       	push	r28
     53c:	df 93       	push	r29
     53e:	cd b7       	in	r28, 0x3d	; 61
     540:	de b7       	in	r29, 0x3e	; 62
     542:	9e 01       	movw	r18, r28
     544:	2b 5f       	subi	r18, 0xFB	; 251
     546:	3f 4f       	sbci	r19, 0xFF	; 255
     548:	f9 01       	movw	r30, r18
     54a:	41 91       	ld	r20, Z+
     54c:	51 91       	ld	r21, Z+
     54e:	9f 01       	movw	r18, r30
     550:	65 e1       	ldi	r22, 0x15	; 21
     552:	70 e0       	ldi	r23, 0x00	; 0
     554:	8c e6       	ldi	r24, 0x6C	; 108
     556:	91 e0       	ldi	r25, 0x01	; 1
     558:	c0 d6       	rcall	.+3456   	; 0x12da <vsnprintf>
     55a:	8c e6       	ldi	r24, 0x6C	; 108
     55c:	91 e0       	ldi	r25, 0x01	; 1
     55e:	d7 df       	rcall	.-82     	; 0x50e <lcd_puts>
     560:	df 91       	pop	r29
     562:	cf 91       	pop	r28
     564:	08 95       	ret

00000566 <lcd_clear>:
     566:	81 e0       	ldi	r24, 0x01	; 1
     568:	7b df       	rcall	.-266    	; 0x460 <lcd_command>
     56a:	83 ef       	ldi	r24, 0xF3	; 243
     56c:	91 e0       	ldi	r25, 0x01	; 1
     56e:	01 97       	sbiw	r24, 0x01	; 1
     570:	f1 f7       	brne	.-4      	; 0x56e <lcd_clear+0x8>
     572:	00 c0       	rjmp	.+0      	; 0x574 <lcd_clear+0xe>
     574:	00 00       	nop
     576:	08 95       	ret

00000578 <lcd_disable_blink>:
     578:	80 91 81 01 	lds	r24, 0x0181	; 0x800181 <_lcd_params>
     57c:	8e 7f       	andi	r24, 0xFE	; 254
     57e:	80 93 81 01 	sts	0x0181, r24	; 0x800181 <_lcd_params>
     582:	88 60       	ori	r24, 0x08	; 8
     584:	6d df       	rcall	.-294    	; 0x460 <lcd_command>
     586:	8c e0       	ldi	r24, 0x0C	; 12
     588:	8a 95       	dec	r24
     58a:	f1 f7       	brne	.-4      	; 0x588 <lcd_disable_blink+0x10>
     58c:	00 00       	nop
     58e:	08 95       	ret

00000590 <lcd_disable_cursor>:
	_lcd_params |= _LCD_CURSOR_ON;
	lcd_command(_LCD_DISPLAYCONTROL |_lcd_params);
	_delay_us(37);
}
void lcd_disable_cursor(void){
	_lcd_params &= ~_LCD_CURSOR_ON;
     590:	80 91 81 01 	lds	r24, 0x0181	; 0x800181 <_lcd_params>
     594:	8d 7f       	andi	r24, 0xFD	; 253
     596:	80 93 81 01 	sts	0x0181, r24	; 0x800181 <_lcd_params>
	lcd_command(_LCD_DISPLAYCONTROL |_lcd_params);
     59a:	88 60       	ori	r24, 0x08	; 8
     59c:	61 df       	rcall	.-318    	; 0x460 <lcd_command>
     59e:	8c e0       	ldi	r24, 0x0C	; 12
     5a0:	8a 95       	dec	r24
     5a2:	f1 f7       	brne	.-4      	; 0x5a0 <lcd_disable_cursor+0x10>
     5a4:	00 00       	nop
     5a6:	08 95       	ret

000005a8 <get_cs_bits>:
{
    uint32_t start = HAL_Timer_Millis();
    while ((HAL_Timer_Millis() - start) < ms) {
        /* Espera activa, pero las IRQ siguen funcionando */
    }
}
     5a8:	68 30       	cpi	r22, 0x08	; 8
     5aa:	70 f4       	brcc	.+28     	; 0x5c8 <get_cs_bits+0x20>
     5ac:	82 30       	cpi	r24, 0x02	; 2
     5ae:	31 f4       	brne	.+12     	; 0x5bc <get_cs_bits+0x14>
     5b0:	e6 2f       	mov	r30, r22
     5b2:	f0 e0       	ldi	r31, 0x00	; 0
     5b4:	ea 5f       	subi	r30, 0xFA	; 250
     5b6:	fe 4f       	sbci	r31, 0xFE	; 254
     5b8:	80 81       	ld	r24, Z
     5ba:	08 95       	ret
     5bc:	e6 2f       	mov	r30, r22
     5be:	f0 e0       	ldi	r31, 0x00	; 0
     5c0:	e2 5f       	subi	r30, 0xF2	; 242
     5c2:	fe 4f       	sbci	r31, 0xFE	; 254
     5c4:	80 81       	ld	r24, Z
     5c6:	08 95       	ret
     5c8:	80 e0       	ldi	r24, 0x00	; 0
     5ca:	08 95       	ret

000005cc <init_timer0>:
     5cc:	fc 01       	movw	r30, r24
     5ce:	90 81       	ld	r25, Z
     5d0:	91 30       	cpi	r25, 0x01	; 1
     5d2:	41 f0       	breq	.+16     	; 0x5e4 <init_timer0+0x18>
     5d4:	28 f0       	brcs	.+10     	; 0x5e0 <init_timer0+0x14>
     5d6:	92 30       	cpi	r25, 0x02	; 2
     5d8:	59 f0       	breq	.+22     	; 0x5f0 <init_timer0+0x24>
     5da:	93 30       	cpi	r25, 0x03	; 3
     5dc:	39 f0       	breq	.+14     	; 0x5ec <init_timer0+0x20>
     5de:	0e c0       	rjmp	.+28     	; 0x5fc <init_timer0+0x30>
     5e0:	80 e0       	ldi	r24, 0x00	; 0
     5e2:	07 c0       	rjmp	.+14     	; 0x5f2 <init_timer0+0x26>
     5e4:	82 81       	ldd	r24, Z+2	; 0x02
     5e6:	87 bd       	out	0x27, r24	; 39
     5e8:	82 e0       	ldi	r24, 0x02	; 2
     5ea:	03 c0       	rjmp	.+6      	; 0x5f2 <init_timer0+0x26>
     5ec:	81 e0       	ldi	r24, 0x01	; 1
     5ee:	01 c0       	rjmp	.+2      	; 0x5f2 <init_timer0+0x26>
     5f0:	83 e0       	ldi	r24, 0x03	; 3
     5f2:	84 bd       	out	0x24, r24	; 36
     5f4:	15 bc       	out	0x25, r1	; 37
     5f6:	16 bc       	out	0x26, r1	; 38
     5f8:	80 e0       	ldi	r24, 0x00	; 0
     5fa:	08 95       	ret
     5fc:	8f ef       	ldi	r24, 0xFF	; 255
     5fe:	08 95       	ret

00000600 <init_timer1>:
     600:	fc 01       	movw	r30, r24
     602:	90 81       	ld	r25, Z
     604:	91 30       	cpi	r25, 0x01	; 1
     606:	31 f0       	breq	.+12     	; 0x614 <init_timer1+0x14>
     608:	00 f1       	brcs	.+64     	; 0x64a <init_timer1+0x4a>
     60a:	92 30       	cpi	r25, 0x02	; 2
     60c:	61 f0       	breq	.+24     	; 0x626 <init_timer1+0x26>
     60e:	93 30       	cpi	r25, 0x03	; 3
     610:	99 f0       	breq	.+38     	; 0x638 <init_timer1+0x38>
     612:	27 c0       	rjmp	.+78     	; 0x662 <init_timer1+0x62>
     614:	82 81       	ldd	r24, Z+2	; 0x02
     616:	93 81       	ldd	r25, Z+3	; 0x03
     618:	90 93 89 00 	sts	0x0089, r25	; 0x800089 <__TEXT_REGION_LENGTH__+0x7e0089>
     61c:	80 93 88 00 	sts	0x0088, r24	; 0x800088 <__TEXT_REGION_LENGTH__+0x7e0088>
     620:	88 e0       	ldi	r24, 0x08	; 8
     622:	90 e0       	ldi	r25, 0x00	; 0
     624:	14 c0       	rjmp	.+40     	; 0x64e <init_timer1+0x4e>
     626:	82 81       	ldd	r24, Z+2	; 0x02
     628:	93 81       	ldd	r25, Z+3	; 0x03
     62a:	90 93 87 00 	sts	0x0087, r25	; 0x800087 <__TEXT_REGION_LENGTH__+0x7e0087>
     62e:	80 93 86 00 	sts	0x0086, r24	; 0x800086 <__TEXT_REGION_LENGTH__+0x7e0086>
     632:	88 e1       	ldi	r24, 0x18	; 24
     634:	92 e0       	ldi	r25, 0x02	; 2
     636:	0b c0       	rjmp	.+22     	; 0x64e <init_timer1+0x4e>
     638:	82 81       	ldd	r24, Z+2	; 0x02
     63a:	93 81       	ldd	r25, Z+3	; 0x03
     63c:	90 93 87 00 	sts	0x0087, r25	; 0x800087 <__TEXT_REGION_LENGTH__+0x7e0087>
     640:	80 93 86 00 	sts	0x0086, r24	; 0x800086 <__TEXT_REGION_LENGTH__+0x7e0086>
     644:	80 e1       	ldi	r24, 0x10	; 16
     646:	92 e0       	ldi	r25, 0x02	; 2
     648:	02 c0       	rjmp	.+4      	; 0x64e <init_timer1+0x4e>
     64a:	80 e0       	ldi	r24, 0x00	; 0
     64c:	90 e0       	ldi	r25, 0x00	; 0
     64e:	90 93 80 00 	sts	0x0080, r25	; 0x800080 <__TEXT_REGION_LENGTH__+0x7e0080>
     652:	80 93 81 00 	sts	0x0081, r24	; 0x800081 <__TEXT_REGION_LENGTH__+0x7e0081>
     656:	10 92 85 00 	sts	0x0085, r1	; 0x800085 <__TEXT_REGION_LENGTH__+0x7e0085>
     65a:	10 92 84 00 	sts	0x0084, r1	; 0x800084 <__TEXT_REGION_LENGTH__+0x7e0084>
     65e:	80 e0       	ldi	r24, 0x00	; 0
     660:	08 95       	ret
     662:	8f ef       	ldi	r24, 0xFF	; 255
     664:	08 95       	ret

00000666 <init_timer2>:
     666:	fc 01       	movw	r30, r24
     668:	90 81       	ld	r25, Z
     66a:	91 30       	cpi	r25, 0x01	; 1
     66c:	41 f0       	breq	.+16     	; 0x67e <init_timer2+0x18>
     66e:	28 f0       	brcs	.+10     	; 0x67a <init_timer2+0x14>
     670:	92 30       	cpi	r25, 0x02	; 2
     672:	61 f0       	breq	.+24     	; 0x68c <init_timer2+0x26>
     674:	93 30       	cpi	r25, 0x03	; 3
     676:	41 f0       	breq	.+16     	; 0x688 <init_timer2+0x22>
     678:	12 c0       	rjmp	.+36     	; 0x69e <init_timer2+0x38>
     67a:	80 e0       	ldi	r24, 0x00	; 0
     67c:	08 c0       	rjmp	.+16     	; 0x68e <init_timer2+0x28>
     67e:	82 81       	ldd	r24, Z+2	; 0x02
     680:	80 93 b3 00 	sts	0x00B3, r24	; 0x8000b3 <__TEXT_REGION_LENGTH__+0x7e00b3>
     684:	82 e0       	ldi	r24, 0x02	; 2
     686:	03 c0       	rjmp	.+6      	; 0x68e <init_timer2+0x28>
     688:	81 e0       	ldi	r24, 0x01	; 1
     68a:	01 c0       	rjmp	.+2      	; 0x68e <init_timer2+0x28>
     68c:	83 e0       	ldi	r24, 0x03	; 3
     68e:	80 93 b0 00 	sts	0x00B0, r24	; 0x8000b0 <__TEXT_REGION_LENGTH__+0x7e00b0>
     692:	10 92 b1 00 	sts	0x00B1, r1	; 0x8000b1 <__TEXT_REGION_LENGTH__+0x7e00b1>
     696:	10 92 b2 00 	sts	0x00B2, r1	; 0x8000b2 <__TEXT_REGION_LENGTH__+0x7e00b2>
     69a:	80 e0       	ldi	r24, 0x00	; 0
     69c:	08 95       	ret
     69e:	8f ef       	ldi	r24, 0xFF	; 255
     6a0:	08 95       	ret

000006a2 <init_timer3>:
     6a2:	fc 01       	movw	r30, r24
     6a4:	90 81       	ld	r25, Z
     6a6:	91 30       	cpi	r25, 0x01	; 1
     6a8:	31 f0       	breq	.+12     	; 0x6b6 <init_timer3+0x14>
     6aa:	00 f1       	brcs	.+64     	; 0x6ec <init_timer3+0x4a>
     6ac:	92 30       	cpi	r25, 0x02	; 2
     6ae:	61 f0       	breq	.+24     	; 0x6c8 <init_timer3+0x26>
     6b0:	93 30       	cpi	r25, 0x03	; 3
     6b2:	99 f0       	breq	.+38     	; 0x6da <init_timer3+0x38>
     6b4:	27 c0       	rjmp	.+78     	; 0x704 <init_timer3+0x62>
     6b6:	82 81       	ldd	r24, Z+2	; 0x02
     6b8:	93 81       	ldd	r25, Z+3	; 0x03
     6ba:	90 93 99 00 	sts	0x0099, r25	; 0x800099 <__TEXT_REGION_LENGTH__+0x7e0099>
     6be:	80 93 98 00 	sts	0x0098, r24	; 0x800098 <__TEXT_REGION_LENGTH__+0x7e0098>
     6c2:	88 e0       	ldi	r24, 0x08	; 8
     6c4:	90 e0       	ldi	r25, 0x00	; 0
     6c6:	14 c0       	rjmp	.+40     	; 0x6f0 <init_timer3+0x4e>
     6c8:	82 81       	ldd	r24, Z+2	; 0x02
     6ca:	93 81       	ldd	r25, Z+3	; 0x03
     6cc:	90 93 97 00 	sts	0x0097, r25	; 0x800097 <__TEXT_REGION_LENGTH__+0x7e0097>
     6d0:	80 93 96 00 	sts	0x0096, r24	; 0x800096 <__TEXT_REGION_LENGTH__+0x7e0096>
     6d4:	88 e1       	ldi	r24, 0x18	; 24
     6d6:	92 e0       	ldi	r25, 0x02	; 2
     6d8:	0b c0       	rjmp	.+22     	; 0x6f0 <init_timer3+0x4e>
     6da:	82 81       	ldd	r24, Z+2	; 0x02
     6dc:	93 81       	ldd	r25, Z+3	; 0x03
     6de:	90 93 97 00 	sts	0x0097, r25	; 0x800097 <__TEXT_REGION_LENGTH__+0x7e0097>
     6e2:	80 93 96 00 	sts	0x0096, r24	; 0x800096 <__TEXT_REGION_LENGTH__+0x7e0096>
     6e6:	80 e1       	ldi	r24, 0x10	; 16
     6e8:	92 e0       	ldi	r25, 0x02	; 2
     6ea:	02 c0       	rjmp	.+4      	; 0x6f0 <init_timer3+0x4e>
     6ec:	80 e0       	ldi	r24, 0x00	; 0
     6ee:	90 e0       	ldi	r25, 0x00	; 0
     6f0:	90 93 90 00 	sts	0x0090, r25	; 0x800090 <__TEXT_REGION_LENGTH__+0x7e0090>
     6f4:	80 93 91 00 	sts	0x0091, r24	; 0x800091 <__TEXT_REGION_LENGTH__+0x7e0091>
     6f8:	10 92 95 00 	sts	0x0095, r1	; 0x800095 <__TEXT_REGION_LENGTH__+0x7e0095>
     6fc:	10 92 94 00 	sts	0x0094, r1	; 0x800094 <__TEXT_REGION_LENGTH__+0x7e0094>
     700:	80 e0       	ldi	r24, 0x00	; 0
     702:	08 95       	ret
     704:	8f ef       	ldi	r24, 0xFF	; 255
     706:	08 95       	ret

00000708 <HAL_Timer_Init>:
     708:	84 30       	cpi	r24, 0x04	; 4
     70a:	98 f5       	brcc	.+102    	; 0x772 <HAL_Timer_Init+0x6a>
     70c:	61 15       	cp	r22, r1
     70e:	71 05       	cpc	r23, r1
     710:	91 f1       	breq	.+100    	; 0x776 <HAL_Timer_Init+0x6e>
     712:	db 01       	movw	r26, r22
     714:	98 2f       	mov	r25, r24
     716:	8c 91       	ld	r24, X
     718:	2b e0       	ldi	r18, 0x0B	; 11
     71a:	92 9f       	mul	r25, r18
     71c:	f0 01       	movw	r30, r0
     71e:	11 24       	eor	r1, r1
     720:	ea 57       	subi	r30, 0x7A	; 122
     722:	fe 4f       	sbci	r31, 0xFE	; 254
     724:	80 83       	st	Z, r24
     726:	11 96       	adiw	r26, 0x01	; 1
     728:	8c 91       	ld	r24, X
     72a:	11 97       	sbiw	r26, 0x01	; 1
     72c:	81 83       	std	Z+1, r24	; 0x01
     72e:	12 96       	adiw	r26, 0x02	; 2
     730:	2d 91       	ld	r18, X+
     732:	3c 91       	ld	r19, X
     734:	13 97       	sbiw	r26, 0x03	; 3
     736:	33 83       	std	Z+3, r19	; 0x03
     738:	22 83       	std	Z+2, r18	; 0x02
     73a:	81 e0       	ldi	r24, 0x01	; 1
     73c:	84 83       	std	Z+4, r24	; 0x04
     73e:	16 82       	std	Z+6, r1	; 0x06
     740:	15 82       	std	Z+5, r1	; 0x05
     742:	10 86       	std	Z+8, r1	; 0x08
     744:	17 82       	std	Z+7, r1	; 0x07
     746:	12 86       	std	Z+10, r1	; 0x0a
     748:	11 86       	std	Z+9, r1	; 0x09
     74a:	91 30       	cpi	r25, 0x01	; 1
     74c:	49 f0       	breq	.+18     	; 0x760 <HAL_Timer_Init+0x58>
     74e:	28 f0       	brcs	.+10     	; 0x75a <HAL_Timer_Init+0x52>
     750:	92 30       	cpi	r25, 0x02	; 2
     752:	49 f0       	breq	.+18     	; 0x766 <HAL_Timer_Init+0x5e>
     754:	93 30       	cpi	r25, 0x03	; 3
     756:	51 f0       	breq	.+20     	; 0x76c <HAL_Timer_Init+0x64>
     758:	10 c0       	rjmp	.+32     	; 0x77a <HAL_Timer_Init+0x72>
     75a:	cb 01       	movw	r24, r22
     75c:	37 cf       	rjmp	.-402    	; 0x5cc <init_timer0>
     75e:	08 95       	ret
     760:	cb 01       	movw	r24, r22
     762:	4e cf       	rjmp	.-356    	; 0x600 <init_timer1>
     764:	08 95       	ret
     766:	cb 01       	movw	r24, r22
     768:	7e cf       	rjmp	.-260    	; 0x666 <init_timer2>
     76a:	08 95       	ret
     76c:	cb 01       	movw	r24, r22
     76e:	99 cf       	rjmp	.-206    	; 0x6a2 <init_timer3>
     770:	08 95       	ret
     772:	8f ef       	ldi	r24, 0xFF	; 255
     774:	08 95       	ret
     776:	8f ef       	ldi	r24, 0xFF	; 255
     778:	08 95       	ret
     77a:	8f ef       	ldi	r24, 0xFF	; 255
     77c:	08 95       	ret

0000077e <HAL_Timer_Start>:
     77e:	cf 93       	push	r28
     780:	84 30       	cpi	r24, 0x04	; 4
     782:	08 f0       	brcs	.+2      	; 0x786 <HAL_Timer_Start+0x8>
     784:	41 c0       	rjmp	.+130    	; 0x808 <HAL_Timer_Start+0x8a>
     786:	28 2f       	mov	r18, r24
     788:	30 e0       	ldi	r19, 0x00	; 0
     78a:	9b e0       	ldi	r25, 0x0B	; 11
     78c:	92 9f       	mul	r25, r18
     78e:	f0 01       	movw	r30, r0
     790:	93 9f       	mul	r25, r19
     792:	f0 0d       	add	r31, r0
     794:	11 24       	eor	r1, r1
     796:	ea 57       	subi	r30, 0x7A	; 122
     798:	fe 4f       	sbci	r31, 0xFE	; 254
     79a:	94 81       	ldd	r25, Z+4	; 0x04
     79c:	99 23       	and	r25, r25
     79e:	b1 f1       	breq	.+108    	; 0x80c <HAL_Timer_Start+0x8e>
     7a0:	c8 2f       	mov	r28, r24
     7a2:	8b e0       	ldi	r24, 0x0B	; 11
     7a4:	82 9f       	mul	r24, r18
     7a6:	f0 01       	movw	r30, r0
     7a8:	83 9f       	mul	r24, r19
     7aa:	f0 0d       	add	r31, r0
     7ac:	11 24       	eor	r1, r1
     7ae:	ea 57       	subi	r30, 0x7A	; 122
     7b0:	fe 4f       	sbci	r31, 0xFE	; 254
     7b2:	61 81       	ldd	r22, Z+1	; 0x01
     7b4:	82 2f       	mov	r24, r18
     7b6:	f8 de       	rcall	.-528    	; 0x5a8 <get_cs_bits>
     7b8:	88 23       	and	r24, r24
     7ba:	51 f1       	breq	.+84     	; 0x810 <HAL_Timer_Start+0x92>
     7bc:	c1 30       	cpi	r28, 0x01	; 1
     7be:	61 f0       	breq	.+24     	; 0x7d8 <HAL_Timer_Start+0x5a>
     7c0:	28 f0       	brcs	.+10     	; 0x7cc <HAL_Timer_Start+0x4e>
     7c2:	c2 30       	cpi	r28, 0x02	; 2
     7c4:	89 f0       	breq	.+34     	; 0x7e8 <HAL_Timer_Start+0x6a>
     7c6:	c3 30       	cpi	r28, 0x03	; 3
     7c8:	b9 f0       	breq	.+46     	; 0x7f8 <HAL_Timer_Start+0x7a>
     7ca:	24 c0       	rjmp	.+72     	; 0x814 <HAL_Timer_Start+0x96>
     7cc:	95 b5       	in	r25, 0x25	; 37
     7ce:	98 7f       	andi	r25, 0xF8	; 248
     7d0:	89 2b       	or	r24, r25
     7d2:	85 bd       	out	0x25, r24	; 37
     7d4:	80 e0       	ldi	r24, 0x00	; 0
     7d6:	1f c0       	rjmp	.+62     	; 0x816 <HAL_Timer_Start+0x98>
     7d8:	e1 e8       	ldi	r30, 0x81	; 129
     7da:	f0 e0       	ldi	r31, 0x00	; 0
     7dc:	90 81       	ld	r25, Z
     7de:	98 7f       	andi	r25, 0xF8	; 248
     7e0:	89 2b       	or	r24, r25
     7e2:	80 83       	st	Z, r24
     7e4:	80 e0       	ldi	r24, 0x00	; 0
     7e6:	17 c0       	rjmp	.+46     	; 0x816 <HAL_Timer_Start+0x98>
     7e8:	e1 eb       	ldi	r30, 0xB1	; 177
     7ea:	f0 e0       	ldi	r31, 0x00	; 0
     7ec:	90 81       	ld	r25, Z
     7ee:	98 7f       	andi	r25, 0xF8	; 248
     7f0:	89 2b       	or	r24, r25
     7f2:	80 83       	st	Z, r24
     7f4:	80 e0       	ldi	r24, 0x00	; 0
     7f6:	0f c0       	rjmp	.+30     	; 0x816 <HAL_Timer_Start+0x98>
     7f8:	e1 e9       	ldi	r30, 0x91	; 145
     7fa:	f0 e0       	ldi	r31, 0x00	; 0
     7fc:	90 81       	ld	r25, Z
     7fe:	98 7f       	andi	r25, 0xF8	; 248
     800:	89 2b       	or	r24, r25
     802:	80 83       	st	Z, r24
     804:	80 e0       	ldi	r24, 0x00	; 0
     806:	07 c0       	rjmp	.+14     	; 0x816 <HAL_Timer_Start+0x98>
     808:	8f ef       	ldi	r24, 0xFF	; 255
     80a:	05 c0       	rjmp	.+10     	; 0x816 <HAL_Timer_Start+0x98>
     80c:	8f ef       	ldi	r24, 0xFF	; 255
     80e:	03 c0       	rjmp	.+6      	; 0x816 <HAL_Timer_Start+0x98>
     810:	8f ef       	ldi	r24, 0xFF	; 255
     812:	01 c0       	rjmp	.+2      	; 0x816 <HAL_Timer_Start+0x98>
     814:	8f ef       	ldi	r24, 0xFF	; 255
     816:	cf 91       	pop	r28
     818:	08 95       	ret

0000081a <HAL_Timer_EnableIRQ>:
     81a:	84 30       	cpi	r24, 0x04	; 4
     81c:	08 f0       	brcs	.+2      	; 0x820 <HAL_Timer_EnableIRQ+0x6>
     81e:	66 c0       	rjmp	.+204    	; 0x8ec <HAL_Timer_EnableIRQ+0xd2>
     820:	81 30       	cpi	r24, 0x01	; 1
     822:	f9 f0       	breq	.+62     	; 0x862 <HAL_Timer_EnableIRQ+0x48>
     824:	30 f0       	brcs	.+12     	; 0x832 <HAL_Timer_EnableIRQ+0x18>
     826:	82 30       	cpi	r24, 0x02	; 2
     828:	99 f1       	breq	.+102    	; 0x890 <HAL_Timer_EnableIRQ+0x76>
     82a:	83 30       	cpi	r24, 0x03	; 3
     82c:	09 f4       	brne	.+2      	; 0x830 <HAL_Timer_EnableIRQ+0x16>
     82e:	47 c0       	rjmp	.+142    	; 0x8be <HAL_Timer_EnableIRQ+0xa4>
     830:	5f c0       	rjmp	.+190    	; 0x8f0 <HAL_Timer_EnableIRQ+0xd6>
     832:	61 11       	cpse	r22, r1
     834:	05 c0       	rjmp	.+10     	; 0x840 <HAL_Timer_EnableIRQ+0x26>
     836:	ee e6       	ldi	r30, 0x6E	; 110
     838:	f0 e0       	ldi	r31, 0x00	; 0
     83a:	80 81       	ld	r24, Z
     83c:	81 60       	ori	r24, 0x01	; 1
     83e:	80 83       	st	Z, r24
     840:	61 30       	cpi	r22, 0x01	; 1
     842:	29 f4       	brne	.+10     	; 0x84e <HAL_Timer_EnableIRQ+0x34>
     844:	ee e6       	ldi	r30, 0x6E	; 110
     846:	f0 e0       	ldi	r31, 0x00	; 0
     848:	80 81       	ld	r24, Z
     84a:	82 60       	ori	r24, 0x02	; 2
     84c:	80 83       	st	Z, r24
     84e:	62 30       	cpi	r22, 0x02	; 2
     850:	09 f0       	breq	.+2      	; 0x854 <HAL_Timer_EnableIRQ+0x3a>
     852:	50 c0       	rjmp	.+160    	; 0x8f4 <HAL_Timer_EnableIRQ+0xda>
     854:	ee e6       	ldi	r30, 0x6E	; 110
     856:	f0 e0       	ldi	r31, 0x00	; 0
     858:	80 81       	ld	r24, Z
     85a:	84 60       	ori	r24, 0x04	; 4
     85c:	80 83       	st	Z, r24
     85e:	80 e0       	ldi	r24, 0x00	; 0
     860:	08 95       	ret
     862:	61 11       	cpse	r22, r1
     864:	05 c0       	rjmp	.+10     	; 0x870 <HAL_Timer_EnableIRQ+0x56>
     866:	ef e6       	ldi	r30, 0x6F	; 111
     868:	f0 e0       	ldi	r31, 0x00	; 0
     86a:	80 81       	ld	r24, Z
     86c:	81 60       	ori	r24, 0x01	; 1
     86e:	80 83       	st	Z, r24
     870:	61 30       	cpi	r22, 0x01	; 1
     872:	29 f4       	brne	.+10     	; 0x87e <HAL_Timer_EnableIRQ+0x64>
     874:	ef e6       	ldi	r30, 0x6F	; 111
     876:	f0 e0       	ldi	r31, 0x00	; 0
     878:	80 81       	ld	r24, Z
     87a:	82 60       	ori	r24, 0x02	; 2
     87c:	80 83       	st	Z, r24
     87e:	62 30       	cpi	r22, 0x02	; 2
     880:	d9 f5       	brne	.+118    	; 0x8f8 <HAL_Timer_EnableIRQ+0xde>
     882:	ef e6       	ldi	r30, 0x6F	; 111
     884:	f0 e0       	ldi	r31, 0x00	; 0
     886:	80 81       	ld	r24, Z
     888:	84 60       	ori	r24, 0x04	; 4
     88a:	80 83       	st	Z, r24
     88c:	80 e0       	ldi	r24, 0x00	; 0
     88e:	08 95       	ret
     890:	61 11       	cpse	r22, r1
     892:	05 c0       	rjmp	.+10     	; 0x89e <HAL_Timer_EnableIRQ+0x84>
     894:	e0 e7       	ldi	r30, 0x70	; 112
     896:	f0 e0       	ldi	r31, 0x00	; 0
     898:	80 81       	ld	r24, Z
     89a:	81 60       	ori	r24, 0x01	; 1
     89c:	80 83       	st	Z, r24
     89e:	61 30       	cpi	r22, 0x01	; 1
     8a0:	29 f4       	brne	.+10     	; 0x8ac <HAL_Timer_EnableIRQ+0x92>
     8a2:	e0 e7       	ldi	r30, 0x70	; 112
     8a4:	f0 e0       	ldi	r31, 0x00	; 0
     8a6:	80 81       	ld	r24, Z
     8a8:	82 60       	ori	r24, 0x02	; 2
     8aa:	80 83       	st	Z, r24
     8ac:	62 30       	cpi	r22, 0x02	; 2
     8ae:	31 f5       	brne	.+76     	; 0x8fc <HAL_Timer_EnableIRQ+0xe2>
     8b0:	e0 e7       	ldi	r30, 0x70	; 112
     8b2:	f0 e0       	ldi	r31, 0x00	; 0
     8b4:	80 81       	ld	r24, Z
     8b6:	84 60       	ori	r24, 0x04	; 4
     8b8:	80 83       	st	Z, r24
     8ba:	80 e0       	ldi	r24, 0x00	; 0
     8bc:	08 95       	ret
     8be:	61 11       	cpse	r22, r1
     8c0:	05 c0       	rjmp	.+10     	; 0x8cc <HAL_Timer_EnableIRQ+0xb2>
     8c2:	e1 e7       	ldi	r30, 0x71	; 113
     8c4:	f0 e0       	ldi	r31, 0x00	; 0
     8c6:	80 81       	ld	r24, Z
     8c8:	81 60       	ori	r24, 0x01	; 1
     8ca:	80 83       	st	Z, r24
     8cc:	61 30       	cpi	r22, 0x01	; 1
     8ce:	29 f4       	brne	.+10     	; 0x8da <HAL_Timer_EnableIRQ+0xc0>
     8d0:	e1 e7       	ldi	r30, 0x71	; 113
     8d2:	f0 e0       	ldi	r31, 0x00	; 0
     8d4:	80 81       	ld	r24, Z
     8d6:	82 60       	ori	r24, 0x02	; 2
     8d8:	80 83       	st	Z, r24
     8da:	62 30       	cpi	r22, 0x02	; 2
     8dc:	89 f4       	brne	.+34     	; 0x900 <HAL_Timer_EnableIRQ+0xe6>
     8de:	e1 e7       	ldi	r30, 0x71	; 113
     8e0:	f0 e0       	ldi	r31, 0x00	; 0
     8e2:	80 81       	ld	r24, Z
     8e4:	84 60       	ori	r24, 0x04	; 4
     8e6:	80 83       	st	Z, r24
     8e8:	80 e0       	ldi	r24, 0x00	; 0
     8ea:	08 95       	ret
     8ec:	8f ef       	ldi	r24, 0xFF	; 255
     8ee:	08 95       	ret
     8f0:	8f ef       	ldi	r24, 0xFF	; 255
     8f2:	08 95       	ret
     8f4:	80 e0       	ldi	r24, 0x00	; 0
     8f6:	08 95       	ret
     8f8:	80 e0       	ldi	r24, 0x00	; 0
     8fa:	08 95       	ret
     8fc:	80 e0       	ldi	r24, 0x00	; 0
     8fe:	08 95       	ret
     900:	80 e0       	ldi	r24, 0x00	; 0
     902:	08 95       	ret

00000904 <HAL_Timer_RegisterCallback>:
     904:	84 30       	cpi	r24, 0x04	; 4
     906:	80 f5       	brcc	.+96     	; 0x968 <HAL_Timer_RegisterCallback+0x64>
     908:	90 e0       	ldi	r25, 0x00	; 0
     90a:	2f b7       	in	r18, 0x3f	; 63
     90c:	f8 94       	cli
     90e:	61 30       	cpi	r22, 0x01	; 1
     910:	79 f0       	breq	.+30     	; 0x930 <HAL_Timer_RegisterCallback+0x2c>
     912:	18 f0       	brcs	.+6      	; 0x91a <HAL_Timer_RegisterCallback+0x16>
     914:	62 30       	cpi	r22, 0x02	; 2
     916:	b9 f0       	breq	.+46     	; 0x946 <HAL_Timer_RegisterCallback+0x42>
     918:	21 c0       	rjmp	.+66     	; 0x95c <HAL_Timer_RegisterCallback+0x58>
     91a:	3b e0       	ldi	r19, 0x0B	; 11
     91c:	38 9f       	mul	r19, r24
     91e:	f0 01       	movw	r30, r0
     920:	39 9f       	mul	r19, r25
     922:	f0 0d       	add	r31, r0
     924:	11 24       	eor	r1, r1
     926:	ea 57       	subi	r30, 0x7A	; 122
     928:	fe 4f       	sbci	r31, 0xFE	; 254
     92a:	56 83       	std	Z+6, r21	; 0x06
     92c:	45 83       	std	Z+5, r20	; 0x05
     92e:	19 c0       	rjmp	.+50     	; 0x962 <HAL_Timer_RegisterCallback+0x5e>
     930:	3b e0       	ldi	r19, 0x0B	; 11
     932:	38 9f       	mul	r19, r24
     934:	f0 01       	movw	r30, r0
     936:	39 9f       	mul	r19, r25
     938:	f0 0d       	add	r31, r0
     93a:	11 24       	eor	r1, r1
     93c:	ea 57       	subi	r30, 0x7A	; 122
     93e:	fe 4f       	sbci	r31, 0xFE	; 254
     940:	50 87       	std	Z+8, r21	; 0x08
     942:	47 83       	std	Z+7, r20	; 0x07
     944:	0e c0       	rjmp	.+28     	; 0x962 <HAL_Timer_RegisterCallback+0x5e>
     946:	3b e0       	ldi	r19, 0x0B	; 11
     948:	38 9f       	mul	r19, r24
     94a:	f0 01       	movw	r30, r0
     94c:	39 9f       	mul	r19, r25
     94e:	f0 0d       	add	r31, r0
     950:	11 24       	eor	r1, r1
     952:	ea 57       	subi	r30, 0x7A	; 122
     954:	fe 4f       	sbci	r31, 0xFE	; 254
     956:	52 87       	std	Z+10, r21	; 0x0a
     958:	41 87       	std	Z+9, r20	; 0x09
     95a:	03 c0       	rjmp	.+6      	; 0x962 <HAL_Timer_RegisterCallback+0x5e>
     95c:	2f bf       	out	0x3f, r18	; 63
     95e:	8f ef       	ldi	r24, 0xFF	; 255
     960:	08 95       	ret
     962:	2f bf       	out	0x3f, r18	; 63
     964:	80 e0       	ldi	r24, 0x00	; 0
     966:	08 95       	ret
     968:	8f ef       	ldi	r24, 0xFF	; 255
     96a:	08 95       	ret

0000096c <HAL_Timer_PWM_Enable>:
     96c:	84 30       	cpi	r24, 0x04	; 4
     96e:	08 f0       	brcs	.+2      	; 0x972 <HAL_Timer_PWM_Enable+0x6>
     970:	44 c0       	rjmp	.+136    	; 0x9fa <HAL_Timer_PWM_Enable+0x8e>
     972:	81 30       	cpi	r24, 0x01	; 1
     974:	91 f0       	breq	.+36     	; 0x99a <HAL_Timer_PWM_Enable+0x2e>
     976:	28 f0       	brcs	.+10     	; 0x982 <HAL_Timer_PWM_Enable+0x16>
     978:	82 30       	cpi	r24, 0x02	; 2
     97a:	f9 f0       	breq	.+62     	; 0x9ba <HAL_Timer_PWM_Enable+0x4e>
     97c:	83 30       	cpi	r24, 0x03	; 3
     97e:	69 f1       	breq	.+90     	; 0x9da <HAL_Timer_PWM_Enable+0x6e>
     980:	3e c0       	rjmp	.+124    	; 0x9fe <HAL_Timer_PWM_Enable+0x92>
     982:	61 11       	cpse	r22, r1
     984:	05 c0       	rjmp	.+10     	; 0x990 <HAL_Timer_PWM_Enable+0x24>
     986:	84 b5       	in	r24, 0x24	; 36
     988:	80 68       	ori	r24, 0x80	; 128
     98a:	84 bd       	out	0x24, r24	; 36
     98c:	80 e0       	ldi	r24, 0x00	; 0
     98e:	08 95       	ret
     990:	84 b5       	in	r24, 0x24	; 36
     992:	80 62       	ori	r24, 0x20	; 32
     994:	84 bd       	out	0x24, r24	; 36
     996:	80 e0       	ldi	r24, 0x00	; 0
     998:	08 95       	ret
     99a:	61 11       	cpse	r22, r1
     99c:	07 c0       	rjmp	.+14     	; 0x9ac <HAL_Timer_PWM_Enable+0x40>
     99e:	e0 e8       	ldi	r30, 0x80	; 128
     9a0:	f0 e0       	ldi	r31, 0x00	; 0
     9a2:	80 81       	ld	r24, Z
     9a4:	80 68       	ori	r24, 0x80	; 128
     9a6:	80 83       	st	Z, r24
     9a8:	80 e0       	ldi	r24, 0x00	; 0
     9aa:	08 95       	ret
     9ac:	e0 e8       	ldi	r30, 0x80	; 128
     9ae:	f0 e0       	ldi	r31, 0x00	; 0
     9b0:	80 81       	ld	r24, Z
     9b2:	80 62       	ori	r24, 0x20	; 32
     9b4:	80 83       	st	Z, r24
     9b6:	80 e0       	ldi	r24, 0x00	; 0
     9b8:	08 95       	ret
     9ba:	61 11       	cpse	r22, r1
     9bc:	07 c0       	rjmp	.+14     	; 0x9cc <HAL_Timer_PWM_Enable+0x60>
     9be:	e0 eb       	ldi	r30, 0xB0	; 176
     9c0:	f0 e0       	ldi	r31, 0x00	; 0
     9c2:	80 81       	ld	r24, Z
     9c4:	80 68       	ori	r24, 0x80	; 128
     9c6:	80 83       	st	Z, r24
     9c8:	80 e0       	ldi	r24, 0x00	; 0
     9ca:	08 95       	ret
     9cc:	e0 eb       	ldi	r30, 0xB0	; 176
     9ce:	f0 e0       	ldi	r31, 0x00	; 0
     9d0:	80 81       	ld	r24, Z
     9d2:	80 62       	ori	r24, 0x20	; 32
     9d4:	80 83       	st	Z, r24
     9d6:	80 e0       	ldi	r24, 0x00	; 0
     9d8:	08 95       	ret
     9da:	61 11       	cpse	r22, r1
     9dc:	07 c0       	rjmp	.+14     	; 0x9ec <HAL_Timer_PWM_Enable+0x80>
     9de:	e0 e9       	ldi	r30, 0x90	; 144
     9e0:	f0 e0       	ldi	r31, 0x00	; 0
     9e2:	80 81       	ld	r24, Z
     9e4:	80 68       	ori	r24, 0x80	; 128
     9e6:	80 83       	st	Z, r24
     9e8:	80 e0       	ldi	r24, 0x00	; 0
     9ea:	08 95       	ret
     9ec:	e0 e9       	ldi	r30, 0x90	; 144
     9ee:	f0 e0       	ldi	r31, 0x00	; 0
     9f0:	80 81       	ld	r24, Z
     9f2:	80 62       	ori	r24, 0x20	; 32
     9f4:	80 83       	st	Z, r24
     9f6:	80 e0       	ldi	r24, 0x00	; 0
     9f8:	08 95       	ret
     9fa:	8f ef       	ldi	r24, 0xFF	; 255
     9fc:	08 95       	ret
     9fe:	8f ef       	ldi	r24, 0xFF	; 255
     a00:	08 95       	ret

00000a02 <HAL_Timer_PWM_SetRaw>:
     a02:	84 30       	cpi	r24, 0x04	; 4
     a04:	b0 f5       	brcc	.+108    	; 0xa72 <HAL_Timer_PWM_SetRaw+0x70>
     a06:	81 30       	cpi	r24, 0x01	; 1
     a08:	71 f0       	breq	.+28     	; 0xa26 <HAL_Timer_PWM_SetRaw+0x24>
     a0a:	28 f0       	brcs	.+10     	; 0xa16 <HAL_Timer_PWM_SetRaw+0x14>
     a0c:	82 30       	cpi	r24, 0x02	; 2
     a0e:	c9 f0       	breq	.+50     	; 0xa42 <HAL_Timer_PWM_SetRaw+0x40>
     a10:	83 30       	cpi	r24, 0x03	; 3
     a12:	09 f1       	breq	.+66     	; 0xa56 <HAL_Timer_PWM_SetRaw+0x54>
     a14:	30 c0       	rjmp	.+96     	; 0xa76 <HAL_Timer_PWM_SetRaw+0x74>
     a16:	61 11       	cpse	r22, r1
     a18:	03 c0       	rjmp	.+6      	; 0xa20 <HAL_Timer_PWM_SetRaw+0x1e>
     a1a:	47 bd       	out	0x27, r20	; 39
     a1c:	80 e0       	ldi	r24, 0x00	; 0
     a1e:	08 95       	ret
     a20:	48 bd       	out	0x28, r20	; 40
     a22:	80 e0       	ldi	r24, 0x00	; 0
     a24:	08 95       	ret
     a26:	61 11       	cpse	r22, r1
     a28:	06 c0       	rjmp	.+12     	; 0xa36 <HAL_Timer_PWM_SetRaw+0x34>
     a2a:	50 93 89 00 	sts	0x0089, r21	; 0x800089 <__TEXT_REGION_LENGTH__+0x7e0089>
     a2e:	40 93 88 00 	sts	0x0088, r20	; 0x800088 <__TEXT_REGION_LENGTH__+0x7e0088>
     a32:	80 e0       	ldi	r24, 0x00	; 0
     a34:	08 95       	ret
     a36:	50 93 8b 00 	sts	0x008B, r21	; 0x80008b <__TEXT_REGION_LENGTH__+0x7e008b>
     a3a:	40 93 8a 00 	sts	0x008A, r20	; 0x80008a <__TEXT_REGION_LENGTH__+0x7e008a>
     a3e:	80 e0       	ldi	r24, 0x00	; 0
     a40:	08 95       	ret
     a42:	61 11       	cpse	r22, r1
     a44:	04 c0       	rjmp	.+8      	; 0xa4e <HAL_Timer_PWM_SetRaw+0x4c>
     a46:	40 93 b3 00 	sts	0x00B3, r20	; 0x8000b3 <__TEXT_REGION_LENGTH__+0x7e00b3>
     a4a:	80 e0       	ldi	r24, 0x00	; 0
     a4c:	08 95       	ret
     a4e:	40 93 b4 00 	sts	0x00B4, r20	; 0x8000b4 <__TEXT_REGION_LENGTH__+0x7e00b4>
     a52:	80 e0       	ldi	r24, 0x00	; 0
     a54:	08 95       	ret
     a56:	61 11       	cpse	r22, r1
     a58:	06 c0       	rjmp	.+12     	; 0xa66 <HAL_Timer_PWM_SetRaw+0x64>
     a5a:	50 93 99 00 	sts	0x0099, r21	; 0x800099 <__TEXT_REGION_LENGTH__+0x7e0099>
     a5e:	40 93 98 00 	sts	0x0098, r20	; 0x800098 <__TEXT_REGION_LENGTH__+0x7e0098>
     a62:	80 e0       	ldi	r24, 0x00	; 0
     a64:	08 95       	ret
     a66:	50 93 9b 00 	sts	0x009B, r21	; 0x80009b <__TEXT_REGION_LENGTH__+0x7e009b>
     a6a:	40 93 9a 00 	sts	0x009A, r20	; 0x80009a <__TEXT_REGION_LENGTH__+0x7e009a>
     a6e:	80 e0       	ldi	r24, 0x00	; 0
     a70:	08 95       	ret
     a72:	8f ef       	ldi	r24, 0xFF	; 255
     a74:	08 95       	ret
     a76:	8f ef       	ldi	r24, 0xFF	; 255
     a78:	08 95       	ret

00000a7a <__vector_18>:
     2. Actualizar contadores internos si aplica
   ========================================= */

/* Timer0 */
ISR(TIMER0_OVF_vect)
{
     a7a:	1f 92       	push	r1
     a7c:	0f 92       	push	r0
     a7e:	0f b6       	in	r0, 0x3f	; 63
     a80:	0f 92       	push	r0
     a82:	11 24       	eor	r1, r1
     a84:	0b b6       	in	r0, 0x3b	; 59
     a86:	0f 92       	push	r0
     a88:	2f 93       	push	r18
     a8a:	3f 93       	push	r19
     a8c:	4f 93       	push	r20
     a8e:	5f 93       	push	r21
     a90:	6f 93       	push	r22
     a92:	7f 93       	push	r23
     a94:	8f 93       	push	r24
     a96:	9f 93       	push	r25
     a98:	af 93       	push	r26
     a9a:	bf 93       	push	r27
     a9c:	ef 93       	push	r30
     a9e:	ff 93       	push	r31
    if (_timer_state[HAL_TIMER0].cb_overflow != NULL) {
     aa0:	80 91 8b 01 	lds	r24, 0x018B	; 0x80018b <_timer_state+0x5>
     aa4:	90 91 8c 01 	lds	r25, 0x018C	; 0x80018c <_timer_state+0x6>
     aa8:	89 2b       	or	r24, r25
     aaa:	29 f0       	breq	.+10     	; 0xab6 <__vector_18+0x3c>
        _timer_state[HAL_TIMER0].cb_overflow();
     aac:	e0 91 8b 01 	lds	r30, 0x018B	; 0x80018b <_timer_state+0x5>
     ab0:	f0 91 8c 01 	lds	r31, 0x018C	; 0x80018c <_timer_state+0x6>
     ab4:	09 95       	icall
    }
}
     ab6:	ff 91       	pop	r31
     ab8:	ef 91       	pop	r30
     aba:	bf 91       	pop	r27
     abc:	af 91       	pop	r26
     abe:	9f 91       	pop	r25
     ac0:	8f 91       	pop	r24
     ac2:	7f 91       	pop	r23
     ac4:	6f 91       	pop	r22
     ac6:	5f 91       	pop	r21
     ac8:	4f 91       	pop	r20
     aca:	3f 91       	pop	r19
     acc:	2f 91       	pop	r18
     ace:	0f 90       	pop	r0
     ad0:	0b be       	out	0x3b, r0	; 59
     ad2:	0f 90       	pop	r0
     ad4:	0f be       	out	0x3f, r0	; 63
     ad6:	0f 90       	pop	r0
     ad8:	1f 90       	pop	r1
     ada:	18 95       	reti

00000adc <__vector_16>:

ISR(TIMER0_COMPA_vect)
{
     adc:	1f 92       	push	r1
     ade:	0f 92       	push	r0
     ae0:	0f b6       	in	r0, 0x3f	; 63
     ae2:	0f 92       	push	r0
     ae4:	11 24       	eor	r1, r1
     ae6:	0b b6       	in	r0, 0x3b	; 59
     ae8:	0f 92       	push	r0
     aea:	2f 93       	push	r18
     aec:	3f 93       	push	r19
     aee:	4f 93       	push	r20
     af0:	5f 93       	push	r21
     af2:	6f 93       	push	r22
     af4:	7f 93       	push	r23
     af6:	8f 93       	push	r24
     af8:	9f 93       	push	r25
     afa:	af 93       	push	r26
     afc:	bf 93       	push	r27
     afe:	ef 93       	push	r30
     b00:	ff 93       	push	r31
    if (_timer_state[HAL_TIMER0].cb_compare_a != NULL) {
     b02:	80 91 8d 01 	lds	r24, 0x018D	; 0x80018d <_timer_state+0x7>
     b06:	90 91 8e 01 	lds	r25, 0x018E	; 0x80018e <_timer_state+0x8>
     b0a:	89 2b       	or	r24, r25
     b0c:	29 f0       	breq	.+10     	; 0xb18 <__vector_16+0x3c>
        _timer_state[HAL_TIMER0].cb_compare_a();
     b0e:	e0 91 8d 01 	lds	r30, 0x018D	; 0x80018d <_timer_state+0x7>
     b12:	f0 91 8e 01 	lds	r31, 0x018E	; 0x80018e <_timer_state+0x8>
     b16:	09 95       	icall
    }
}
     b18:	ff 91       	pop	r31
     b1a:	ef 91       	pop	r30
     b1c:	bf 91       	pop	r27
     b1e:	af 91       	pop	r26
     b20:	9f 91       	pop	r25
     b22:	8f 91       	pop	r24
     b24:	7f 91       	pop	r23
     b26:	6f 91       	pop	r22
     b28:	5f 91       	pop	r21
     b2a:	4f 91       	pop	r20
     b2c:	3f 91       	pop	r19
     b2e:	2f 91       	pop	r18
     b30:	0f 90       	pop	r0
     b32:	0b be       	out	0x3b, r0	; 59
     b34:	0f 90       	pop	r0
     b36:	0f be       	out	0x3f, r0	; 63
     b38:	0f 90       	pop	r0
     b3a:	1f 90       	pop	r1
     b3c:	18 95       	reti

00000b3e <__vector_17>:

ISR(TIMER0_COMPB_vect)
{
     b3e:	1f 92       	push	r1
     b40:	0f 92       	push	r0
     b42:	0f b6       	in	r0, 0x3f	; 63
     b44:	0f 92       	push	r0
     b46:	11 24       	eor	r1, r1
     b48:	0b b6       	in	r0, 0x3b	; 59
     b4a:	0f 92       	push	r0
     b4c:	2f 93       	push	r18
     b4e:	3f 93       	push	r19
     b50:	4f 93       	push	r20
     b52:	5f 93       	push	r21
     b54:	6f 93       	push	r22
     b56:	7f 93       	push	r23
     b58:	8f 93       	push	r24
     b5a:	9f 93       	push	r25
     b5c:	af 93       	push	r26
     b5e:	bf 93       	push	r27
     b60:	ef 93       	push	r30
     b62:	ff 93       	push	r31
    if (_timer_state[HAL_TIMER0].cb_compare_b != NULL) {
     b64:	80 91 8f 01 	lds	r24, 0x018F	; 0x80018f <_timer_state+0x9>
     b68:	90 91 90 01 	lds	r25, 0x0190	; 0x800190 <_timer_state+0xa>
     b6c:	89 2b       	or	r24, r25
     b6e:	29 f0       	breq	.+10     	; 0xb7a <__vector_17+0x3c>
        _timer_state[HAL_TIMER0].cb_compare_b();
     b70:	e0 91 8f 01 	lds	r30, 0x018F	; 0x80018f <_timer_state+0x9>
     b74:	f0 91 90 01 	lds	r31, 0x0190	; 0x800190 <_timer_state+0xa>
     b78:	09 95       	icall
    }
}
     b7a:	ff 91       	pop	r31
     b7c:	ef 91       	pop	r30
     b7e:	bf 91       	pop	r27
     b80:	af 91       	pop	r26
     b82:	9f 91       	pop	r25
     b84:	8f 91       	pop	r24
     b86:	7f 91       	pop	r23
     b88:	6f 91       	pop	r22
     b8a:	5f 91       	pop	r21
     b8c:	4f 91       	pop	r20
     b8e:	3f 91       	pop	r19
     b90:	2f 91       	pop	r18
     b92:	0f 90       	pop	r0
     b94:	0b be       	out	0x3b, r0	; 59
     b96:	0f 90       	pop	r0
     b98:	0f be       	out	0x3f, r0	; 63
     b9a:	0f 90       	pop	r0
     b9c:	1f 90       	pop	r1
     b9e:	18 95       	reti

00000ba0 <__vector_15>:

/* Timer1 */
ISR(TIMER1_OVF_vect)
{
     ba0:	1f 92       	push	r1
     ba2:	0f 92       	push	r0
     ba4:	0f b6       	in	r0, 0x3f	; 63
     ba6:	0f 92       	push	r0
     ba8:	11 24       	eor	r1, r1
     baa:	0b b6       	in	r0, 0x3b	; 59
     bac:	0f 92       	push	r0
     bae:	2f 93       	push	r18
     bb0:	3f 93       	push	r19
     bb2:	4f 93       	push	r20
     bb4:	5f 93       	push	r21
     bb6:	6f 93       	push	r22
     bb8:	7f 93       	push	r23
     bba:	8f 93       	push	r24
     bbc:	9f 93       	push	r25
     bbe:	af 93       	push	r26
     bc0:	bf 93       	push	r27
     bc2:	ef 93       	push	r30
     bc4:	ff 93       	push	r31
    if (_timer_state[HAL_TIMER1].cb_overflow != NULL) {
     bc6:	80 91 96 01 	lds	r24, 0x0196	; 0x800196 <_timer_state+0x10>
     bca:	90 91 97 01 	lds	r25, 0x0197	; 0x800197 <_timer_state+0x11>
     bce:	89 2b       	or	r24, r25
     bd0:	29 f0       	breq	.+10     	; 0xbdc <__vector_15+0x3c>
        _timer_state[HAL_TIMER1].cb_overflow();
     bd2:	e0 91 96 01 	lds	r30, 0x0196	; 0x800196 <_timer_state+0x10>
     bd6:	f0 91 97 01 	lds	r31, 0x0197	; 0x800197 <_timer_state+0x11>
     bda:	09 95       	icall
    }
}
     bdc:	ff 91       	pop	r31
     bde:	ef 91       	pop	r30
     be0:	bf 91       	pop	r27
     be2:	af 91       	pop	r26
     be4:	9f 91       	pop	r25
     be6:	8f 91       	pop	r24
     be8:	7f 91       	pop	r23
     bea:	6f 91       	pop	r22
     bec:	5f 91       	pop	r21
     bee:	4f 91       	pop	r20
     bf0:	3f 91       	pop	r19
     bf2:	2f 91       	pop	r18
     bf4:	0f 90       	pop	r0
     bf6:	0b be       	out	0x3b, r0	; 59
     bf8:	0f 90       	pop	r0
     bfa:	0f be       	out	0x3f, r0	; 63
     bfc:	0f 90       	pop	r0
     bfe:	1f 90       	pop	r1
     c00:	18 95       	reti

00000c02 <__vector_13>:

ISR(TIMER1_COMPA_vect)
{
     c02:	1f 92       	push	r1
     c04:	0f 92       	push	r0
     c06:	0f b6       	in	r0, 0x3f	; 63
     c08:	0f 92       	push	r0
     c0a:	11 24       	eor	r1, r1
     c0c:	0b b6       	in	r0, 0x3b	; 59
     c0e:	0f 92       	push	r0
     c10:	2f 93       	push	r18
     c12:	3f 93       	push	r19
     c14:	4f 93       	push	r20
     c16:	5f 93       	push	r21
     c18:	6f 93       	push	r22
     c1a:	7f 93       	push	r23
     c1c:	8f 93       	push	r24
     c1e:	9f 93       	push	r25
     c20:	af 93       	push	r26
     c22:	bf 93       	push	r27
     c24:	ef 93       	push	r30
     c26:	ff 93       	push	r31
    /*
     * Si el timestamp esta activo, este vector incrementa _millis_count.
     * Si ademas hay un callback de usuario, lo llama despues.
     */
    _millis_count++;
     c28:	80 91 82 01 	lds	r24, 0x0182	; 0x800182 <_millis_count>
     c2c:	90 91 83 01 	lds	r25, 0x0183	; 0x800183 <_millis_count+0x1>
     c30:	a0 91 84 01 	lds	r26, 0x0184	; 0x800184 <_millis_count+0x2>
     c34:	b0 91 85 01 	lds	r27, 0x0185	; 0x800185 <_millis_count+0x3>
     c38:	01 96       	adiw	r24, 0x01	; 1
     c3a:	a1 1d       	adc	r26, r1
     c3c:	b1 1d       	adc	r27, r1
     c3e:	80 93 82 01 	sts	0x0182, r24	; 0x800182 <_millis_count>
     c42:	90 93 83 01 	sts	0x0183, r25	; 0x800183 <_millis_count+0x1>
     c46:	a0 93 84 01 	sts	0x0184, r26	; 0x800184 <_millis_count+0x2>
     c4a:	b0 93 85 01 	sts	0x0185, r27	; 0x800185 <_millis_count+0x3>

    if (_timer_state[HAL_TIMER1].cb_compare_a != NULL) {
     c4e:	80 91 98 01 	lds	r24, 0x0198	; 0x800198 <_timer_state+0x12>
     c52:	90 91 99 01 	lds	r25, 0x0199	; 0x800199 <_timer_state+0x13>
     c56:	89 2b       	or	r24, r25
     c58:	29 f0       	breq	.+10     	; 0xc64 <__vector_13+0x62>
        _timer_state[HAL_TIMER1].cb_compare_a();
     c5a:	e0 91 98 01 	lds	r30, 0x0198	; 0x800198 <_timer_state+0x12>
     c5e:	f0 91 99 01 	lds	r31, 0x0199	; 0x800199 <_timer_state+0x13>
     c62:	09 95       	icall
    }
}
     c64:	ff 91       	pop	r31
     c66:	ef 91       	pop	r30
     c68:	bf 91       	pop	r27
     c6a:	af 91       	pop	r26
     c6c:	9f 91       	pop	r25
     c6e:	8f 91       	pop	r24
     c70:	7f 91       	pop	r23
     c72:	6f 91       	pop	r22
     c74:	5f 91       	pop	r21
     c76:	4f 91       	pop	r20
     c78:	3f 91       	pop	r19
     c7a:	2f 91       	pop	r18
     c7c:	0f 90       	pop	r0
     c7e:	0b be       	out	0x3b, r0	; 59
     c80:	0f 90       	pop	r0
     c82:	0f be       	out	0x3f, r0	; 63
     c84:	0f 90       	pop	r0
     c86:	1f 90       	pop	r1
     c88:	18 95       	reti

00000c8a <__vector_14>:

ISR(TIMER1_COMPB_vect)
{
     c8a:	1f 92       	push	r1
     c8c:	0f 92       	push	r0
     c8e:	0f b6       	in	r0, 0x3f	; 63
     c90:	0f 92       	push	r0
     c92:	11 24       	eor	r1, r1
     c94:	0b b6       	in	r0, 0x3b	; 59
     c96:	0f 92       	push	r0
     c98:	2f 93       	push	r18
     c9a:	3f 93       	push	r19
     c9c:	4f 93       	push	r20
     c9e:	5f 93       	push	r21
     ca0:	6f 93       	push	r22
     ca2:	7f 93       	push	r23
     ca4:	8f 93       	push	r24
     ca6:	9f 93       	push	r25
     ca8:	af 93       	push	r26
     caa:	bf 93       	push	r27
     cac:	ef 93       	push	r30
     cae:	ff 93       	push	r31
    if (_timer_state[HAL_TIMER1].cb_compare_b != NULL) {
     cb0:	80 91 9a 01 	lds	r24, 0x019A	; 0x80019a <_timer_state+0x14>
     cb4:	90 91 9b 01 	lds	r25, 0x019B	; 0x80019b <_timer_state+0x15>
     cb8:	89 2b       	or	r24, r25
     cba:	29 f0       	breq	.+10     	; 0xcc6 <__vector_14+0x3c>
        _timer_state[HAL_TIMER1].cb_compare_b();
     cbc:	e0 91 9a 01 	lds	r30, 0x019A	; 0x80019a <_timer_state+0x14>
     cc0:	f0 91 9b 01 	lds	r31, 0x019B	; 0x80019b <_timer_state+0x15>
     cc4:	09 95       	icall
    }
}
     cc6:	ff 91       	pop	r31
     cc8:	ef 91       	pop	r30
     cca:	bf 91       	pop	r27
     ccc:	af 91       	pop	r26
     cce:	9f 91       	pop	r25
     cd0:	8f 91       	pop	r24
     cd2:	7f 91       	pop	r23
     cd4:	6f 91       	pop	r22
     cd6:	5f 91       	pop	r21
     cd8:	4f 91       	pop	r20
     cda:	3f 91       	pop	r19
     cdc:	2f 91       	pop	r18
     cde:	0f 90       	pop	r0
     ce0:	0b be       	out	0x3b, r0	; 59
     ce2:	0f 90       	pop	r0
     ce4:	0f be       	out	0x3f, r0	; 63
     ce6:	0f 90       	pop	r0
     ce8:	1f 90       	pop	r1
     cea:	18 95       	reti

00000cec <__vector_11>:

/* Timer2 */
ISR(TIMER2_OVF_vect)
{
     cec:	1f 92       	push	r1
     cee:	0f 92       	push	r0
     cf0:	0f b6       	in	r0, 0x3f	; 63
     cf2:	0f 92       	push	r0
     cf4:	11 24       	eor	r1, r1
     cf6:	0b b6       	in	r0, 0x3b	; 59
     cf8:	0f 92       	push	r0
     cfa:	2f 93       	push	r18
     cfc:	3f 93       	push	r19
     cfe:	4f 93       	push	r20
     d00:	5f 93       	push	r21
     d02:	6f 93       	push	r22
     d04:	7f 93       	push	r23
     d06:	8f 93       	push	r24
     d08:	9f 93       	push	r25
     d0a:	af 93       	push	r26
     d0c:	bf 93       	push	r27
     d0e:	ef 93       	push	r30
     d10:	ff 93       	push	r31
    if (_timer_state[HAL_TIMER2].cb_overflow != NULL) {
     d12:	80 91 a1 01 	lds	r24, 0x01A1	; 0x8001a1 <_timer_state+0x1b>
     d16:	90 91 a2 01 	lds	r25, 0x01A2	; 0x8001a2 <_timer_state+0x1c>
     d1a:	89 2b       	or	r24, r25
     d1c:	29 f0       	breq	.+10     	; 0xd28 <__vector_11+0x3c>
        _timer_state[HAL_TIMER2].cb_overflow();
     d1e:	e0 91 a1 01 	lds	r30, 0x01A1	; 0x8001a1 <_timer_state+0x1b>
     d22:	f0 91 a2 01 	lds	r31, 0x01A2	; 0x8001a2 <_timer_state+0x1c>
     d26:	09 95       	icall
    }
}
     d28:	ff 91       	pop	r31
     d2a:	ef 91       	pop	r30
     d2c:	bf 91       	pop	r27
     d2e:	af 91       	pop	r26
     d30:	9f 91       	pop	r25
     d32:	8f 91       	pop	r24
     d34:	7f 91       	pop	r23
     d36:	6f 91       	pop	r22
     d38:	5f 91       	pop	r21
     d3a:	4f 91       	pop	r20
     d3c:	3f 91       	pop	r19
     d3e:	2f 91       	pop	r18
     d40:	0f 90       	pop	r0
     d42:	0b be       	out	0x3b, r0	; 59
     d44:	0f 90       	pop	r0
     d46:	0f be       	out	0x3f, r0	; 63
     d48:	0f 90       	pop	r0
     d4a:	1f 90       	pop	r1
     d4c:	18 95       	reti

00000d4e <__vector_9>:

ISR(TIMER2_COMPA_vect)
{
     d4e:	1f 92       	push	r1
     d50:	0f 92       	push	r0
     d52:	0f b6       	in	r0, 0x3f	; 63
     d54:	0f 92       	push	r0
     d56:	11 24       	eor	r1, r1
     d58:	0b b6       	in	r0, 0x3b	; 59
     d5a:	0f 92       	push	r0
     d5c:	2f 93       	push	r18
     d5e:	3f 93       	push	r19
     d60:	4f 93       	push	r20
     d62:	5f 93       	push	r21
     d64:	6f 93       	push	r22
     d66:	7f 93       	push	r23
     d68:	8f 93       	push	r24
     d6a:	9f 93       	push	r25
     d6c:	af 93       	push	r26
     d6e:	bf 93       	push	r27
     d70:	ef 93       	push	r30
     d72:	ff 93       	push	r31
    if (_timer_state[HAL_TIMER2].cb_compare_a != NULL) {
     d74:	80 91 a3 01 	lds	r24, 0x01A3	; 0x8001a3 <_timer_state+0x1d>
     d78:	90 91 a4 01 	lds	r25, 0x01A4	; 0x8001a4 <_timer_state+0x1e>
     d7c:	89 2b       	or	r24, r25
     d7e:	29 f0       	breq	.+10     	; 0xd8a <__vector_9+0x3c>
        _timer_state[HAL_TIMER2].cb_compare_a();
     d80:	e0 91 a3 01 	lds	r30, 0x01A3	; 0x8001a3 <_timer_state+0x1d>
     d84:	f0 91 a4 01 	lds	r31, 0x01A4	; 0x8001a4 <_timer_state+0x1e>
     d88:	09 95       	icall
    }
}
     d8a:	ff 91       	pop	r31
     d8c:	ef 91       	pop	r30
     d8e:	bf 91       	pop	r27
     d90:	af 91       	pop	r26
     d92:	9f 91       	pop	r25
     d94:	8f 91       	pop	r24
     d96:	7f 91       	pop	r23
     d98:	6f 91       	pop	r22
     d9a:	5f 91       	pop	r21
     d9c:	4f 91       	pop	r20
     d9e:	3f 91       	pop	r19
     da0:	2f 91       	pop	r18
     da2:	0f 90       	pop	r0
     da4:	0b be       	out	0x3b, r0	; 59
     da6:	0f 90       	pop	r0
     da8:	0f be       	out	0x3f, r0	; 63
     daa:	0f 90       	pop	r0
     dac:	1f 90       	pop	r1
     dae:	18 95       	reti

00000db0 <__vector_10>:

ISR(TIMER2_COMPB_vect)
{
     db0:	1f 92       	push	r1
     db2:	0f 92       	push	r0
     db4:	0f b6       	in	r0, 0x3f	; 63
     db6:	0f 92       	push	r0
     db8:	11 24       	eor	r1, r1
     dba:	0b b6       	in	r0, 0x3b	; 59
     dbc:	0f 92       	push	r0
     dbe:	2f 93       	push	r18
     dc0:	3f 93       	push	r19
     dc2:	4f 93       	push	r20
     dc4:	5f 93       	push	r21
     dc6:	6f 93       	push	r22
     dc8:	7f 93       	push	r23
     dca:	8f 93       	push	r24
     dcc:	9f 93       	push	r25
     dce:	af 93       	push	r26
     dd0:	bf 93       	push	r27
     dd2:	ef 93       	push	r30
     dd4:	ff 93       	push	r31
    if (_timer_state[HAL_TIMER2].cb_compare_b != NULL) {
     dd6:	80 91 a5 01 	lds	r24, 0x01A5	; 0x8001a5 <_timer_state+0x1f>
     dda:	90 91 a6 01 	lds	r25, 0x01A6	; 0x8001a6 <_timer_state+0x20>
     dde:	89 2b       	or	r24, r25
     de0:	29 f0       	breq	.+10     	; 0xdec <__vector_10+0x3c>
        _timer_state[HAL_TIMER2].cb_compare_b();
     de2:	e0 91 a5 01 	lds	r30, 0x01A5	; 0x8001a5 <_timer_state+0x1f>
     de6:	f0 91 a6 01 	lds	r31, 0x01A6	; 0x8001a6 <_timer_state+0x20>
     dea:	09 95       	icall
    }
}
     dec:	ff 91       	pop	r31
     dee:	ef 91       	pop	r30
     df0:	bf 91       	pop	r27
     df2:	af 91       	pop	r26
     df4:	9f 91       	pop	r25
     df6:	8f 91       	pop	r24
     df8:	7f 91       	pop	r23
     dfa:	6f 91       	pop	r22
     dfc:	5f 91       	pop	r21
     dfe:	4f 91       	pop	r20
     e00:	3f 91       	pop	r19
     e02:	2f 91       	pop	r18
     e04:	0f 90       	pop	r0
     e06:	0b be       	out	0x3b, r0	; 59
     e08:	0f 90       	pop	r0
     e0a:	0f be       	out	0x3f, r0	; 63
     e0c:	0f 90       	pop	r0
     e0e:	1f 90       	pop	r1
     e10:	18 95       	reti

00000e12 <__vector_34>:

/* Timer3 — solo ATmega1284P */
#if defined(HAL_TARGET_1284P)
ISR(TIMER3_OVF_vect)
{
     e12:	1f 92       	push	r1
     e14:	0f 92       	push	r0
     e16:	0f b6       	in	r0, 0x3f	; 63
     e18:	0f 92       	push	r0
     e1a:	11 24       	eor	r1, r1
     e1c:	0b b6       	in	r0, 0x3b	; 59
     e1e:	0f 92       	push	r0
     e20:	2f 93       	push	r18
     e22:	3f 93       	push	r19
     e24:	4f 93       	push	r20
     e26:	5f 93       	push	r21
     e28:	6f 93       	push	r22
     e2a:	7f 93       	push	r23
     e2c:	8f 93       	push	r24
     e2e:	9f 93       	push	r25
     e30:	af 93       	push	r26
     e32:	bf 93       	push	r27
     e34:	ef 93       	push	r30
     e36:	ff 93       	push	r31
    if (_timer_state[HAL_TIMER3].cb_overflow != NULL) {
     e38:	80 91 ac 01 	lds	r24, 0x01AC	; 0x8001ac <_timer_state+0x26>
     e3c:	90 91 ad 01 	lds	r25, 0x01AD	; 0x8001ad <_timer_state+0x27>
     e40:	89 2b       	or	r24, r25
     e42:	29 f0       	breq	.+10     	; 0xe4e <__vector_34+0x3c>
        _timer_state[HAL_TIMER3].cb_overflow();
     e44:	e0 91 ac 01 	lds	r30, 0x01AC	; 0x8001ac <_timer_state+0x26>
     e48:	f0 91 ad 01 	lds	r31, 0x01AD	; 0x8001ad <_timer_state+0x27>
     e4c:	09 95       	icall
    }
}
     e4e:	ff 91       	pop	r31
     e50:	ef 91       	pop	r30
     e52:	bf 91       	pop	r27
     e54:	af 91       	pop	r26
     e56:	9f 91       	pop	r25
     e58:	8f 91       	pop	r24
     e5a:	7f 91       	pop	r23
     e5c:	6f 91       	pop	r22
     e5e:	5f 91       	pop	r21
     e60:	4f 91       	pop	r20
     e62:	3f 91       	pop	r19
     e64:	2f 91       	pop	r18
     e66:	0f 90       	pop	r0
     e68:	0b be       	out	0x3b, r0	; 59
     e6a:	0f 90       	pop	r0
     e6c:	0f be       	out	0x3f, r0	; 63
     e6e:	0f 90       	pop	r0
     e70:	1f 90       	pop	r1
     e72:	18 95       	reti

00000e74 <__vector_32>:

ISR(TIMER3_COMPA_vect)
{
     e74:	1f 92       	push	r1
     e76:	0f 92       	push	r0
     e78:	0f b6       	in	r0, 0x3f	; 63
     e7a:	0f 92       	push	r0
     e7c:	11 24       	eor	r1, r1
     e7e:	0b b6       	in	r0, 0x3b	; 59
     e80:	0f 92       	push	r0
     e82:	2f 93       	push	r18
     e84:	3f 93       	push	r19
     e86:	4f 93       	push	r20
     e88:	5f 93       	push	r21
     e8a:	6f 93       	push	r22
     e8c:	7f 93       	push	r23
     e8e:	8f 93       	push	r24
     e90:	9f 93       	push	r25
     e92:	af 93       	push	r26
     e94:	bf 93       	push	r27
     e96:	ef 93       	push	r30
     e98:	ff 93       	push	r31
    if (_timer_state[HAL_TIMER3].cb_compare_a != NULL) {
     e9a:	80 91 ae 01 	lds	r24, 0x01AE	; 0x8001ae <_timer_state+0x28>
     e9e:	90 91 af 01 	lds	r25, 0x01AF	; 0x8001af <_timer_state+0x29>
     ea2:	89 2b       	or	r24, r25
     ea4:	29 f0       	breq	.+10     	; 0xeb0 <__vector_32+0x3c>
        _timer_state[HAL_TIMER3].cb_compare_a();
     ea6:	e0 91 ae 01 	lds	r30, 0x01AE	; 0x8001ae <_timer_state+0x28>
     eaa:	f0 91 af 01 	lds	r31, 0x01AF	; 0x8001af <_timer_state+0x29>
     eae:	09 95       	icall
    }
}
     eb0:	ff 91       	pop	r31
     eb2:	ef 91       	pop	r30
     eb4:	bf 91       	pop	r27
     eb6:	af 91       	pop	r26
     eb8:	9f 91       	pop	r25
     eba:	8f 91       	pop	r24
     ebc:	7f 91       	pop	r23
     ebe:	6f 91       	pop	r22
     ec0:	5f 91       	pop	r21
     ec2:	4f 91       	pop	r20
     ec4:	3f 91       	pop	r19
     ec6:	2f 91       	pop	r18
     ec8:	0f 90       	pop	r0
     eca:	0b be       	out	0x3b, r0	; 59
     ecc:	0f 90       	pop	r0
     ece:	0f be       	out	0x3f, r0	; 63
     ed0:	0f 90       	pop	r0
     ed2:	1f 90       	pop	r1
     ed4:	18 95       	reti

00000ed6 <__vector_33>:

ISR(TIMER3_COMPB_vect)
{
     ed6:	1f 92       	push	r1
     ed8:	0f 92       	push	r0
     eda:	0f b6       	in	r0, 0x3f	; 63
     edc:	0f 92       	push	r0
     ede:	11 24       	eor	r1, r1
     ee0:	0b b6       	in	r0, 0x3b	; 59
     ee2:	0f 92       	push	r0
     ee4:	2f 93       	push	r18
     ee6:	3f 93       	push	r19
     ee8:	4f 93       	push	r20
     eea:	5f 93       	push	r21
     eec:	6f 93       	push	r22
     eee:	7f 93       	push	r23
     ef0:	8f 93       	push	r24
     ef2:	9f 93       	push	r25
     ef4:	af 93       	push	r26
     ef6:	bf 93       	push	r27
     ef8:	ef 93       	push	r30
     efa:	ff 93       	push	r31
    if (_timer_state[HAL_TIMER3].cb_compare_b != NULL) {
     efc:	80 91 b0 01 	lds	r24, 0x01B0	; 0x8001b0 <_timer_state+0x2a>
     f00:	90 91 b1 01 	lds	r25, 0x01B1	; 0x8001b1 <_timer_state+0x2b>
     f04:	89 2b       	or	r24, r25
     f06:	29 f0       	breq	.+10     	; 0xf12 <__vector_33+0x3c>
        _timer_state[HAL_TIMER3].cb_compare_b();
     f08:	e0 91 b0 01 	lds	r30, 0x01B0	; 0x8001b0 <_timer_state+0x2a>
     f0c:	f0 91 b1 01 	lds	r31, 0x01B1	; 0x8001b1 <_timer_state+0x2b>
     f10:	09 95       	icall
    }
}
     f12:	ff 91       	pop	r31
     f14:	ef 91       	pop	r30
     f16:	bf 91       	pop	r27
     f18:	af 91       	pop	r26
     f1a:	9f 91       	pop	r25
     f1c:	8f 91       	pop	r24
     f1e:	7f 91       	pop	r23
     f20:	6f 91       	pop	r22
     f22:	5f 91       	pop	r21
     f24:	4f 91       	pop	r20
     f26:	3f 91       	pop	r19
     f28:	2f 91       	pop	r18
     f2a:	0f 90       	pop	r0
     f2c:	0b be       	out	0x3b, r0	; 59
     f2e:	0f 90       	pop	r0
     f30:	0f be       	out	0x3f, r0	; 63
     f32:	0f 90       	pop	r0
     f34:	1f 90       	pop	r1
     f36:	18 95       	reti

00000f38 <PaBajo>:
Con la funcion Pabajo se controla la cantidad de personas es decir,
cuando el juego inciia, probablemente la podria renombrar pero me da pereza
@Trivi
*/
static void PaBajo(void){
	if (!bandera_conteo) return;
     f38:	80 91 b2 01 	lds	r24, 0x01B2	; 0x8001b2 <bandera_conteo>
     f3c:	88 23       	and	r24, r24
     f3e:	c9 f0       	breq	.+50     	; 0xf72 <PaBajo+0x3a>

	if (++tick_500ms < 50) return;
     f40:	80 91 b3 01 	lds	r24, 0x01B3	; 0x8001b3 <tick_500ms>
     f44:	8f 5f       	subi	r24, 0xFF	; 255
     f46:	80 93 b3 01 	sts	0x01B3, r24	; 0x8001b3 <tick_500ms>
     f4a:	82 33       	cpi	r24, 0x32	; 50
     f4c:	90 f0       	brcs	.+36     	; 0xf72 <PaBajo+0x3a>
	tick_500ms = 0;
     f4e:	10 92 b3 01 	sts	0x01B3, r1	; 0x8001b3 <tick_500ms>

	if (contador_personas > 0){
     f52:	80 91 00 01 	lds	r24, 0x0100	; 0x800100 <__DATA_REGION_ORIGIN__>
     f56:	90 91 01 01 	lds	r25, 0x0101	; 0x800101 <__DATA_REGION_ORIGIN__+0x1>
     f5a:	18 16       	cp	r1, r24
     f5c:	19 06       	cpc	r1, r25
     f5e:	4c f4       	brge	.+18     	; 0xf72 <PaBajo+0x3a>
		contador_personas--;
     f60:	80 91 00 01 	lds	r24, 0x0100	; 0x800100 <__DATA_REGION_ORIGIN__>
     f64:	90 91 01 01 	lds	r25, 0x0101	; 0x800101 <__DATA_REGION_ORIGIN__+0x1>
     f68:	01 97       	sbiw	r24, 0x01	; 1
     f6a:	90 93 01 01 	sts	0x0101, r25	; 0x800101 <__DATA_REGION_ORIGIN__+0x1>
     f6e:	80 93 00 01 	sts	0x0100, r24	; 0x800100 <__DATA_REGION_ORIGIN__>
     f72:	08 95       	ret

00000f74 <Reiniciar>:
				: "r0"
		);
	}
	else
	{
		__asm__ __volatile__ (
     f74:	98 e0       	ldi	r25, 0x08	; 8
     f76:	88 e1       	ldi	r24, 0x18	; 24
     f78:	0f b6       	in	r0, 0x3f	; 63
     f7a:	f8 94       	cli
     f7c:	a8 95       	wdr
     f7e:	80 93 60 00 	sts	0x0060, r24	; 0x800060 <__TEXT_REGION_LENGTH__+0x7e0060>
     f82:	0f be       	out	0x3f, r0	; 63
     f84:	90 93 60 00 	sts	0x0060, r25	; 0x800060 <__TEXT_REGION_LENGTH__+0x7e0060>
     f88:	ff cf       	rjmp	.-2      	; 0xf88 <Reiniciar+0x14>

00000f8a <Shift595>:
void Servo_cerrar(void){
	HAL_Timer_PWM_SetRaw(HAL_TIMER1, HAL_TIMER_CH_A, SERVO_MAX);
}

static void Shift595(uint8_t data){
	GPIO_WRITE_PORTC(MS_LATCH, LOW);
     f8a:	98 b1       	in	r25, 0x08	; 8
     f8c:	9d 7f       	andi	r25, 0xFD	; 253
     f8e:	98 b9       	out	0x08, r25	; 8
	for (uint8_t i = 0; i < 8; i++){
     f90:	90 e0       	ldi	r25, 0x00	; 0
     f92:	1b c0       	rjmp	.+54     	; 0xfca <Shift595+0x40>
		GPIO_WRITE_PORTC(MS_CLK, LOW);
     f94:	28 b1       	in	r18, 0x08	; 8
     f96:	2b 7f       	andi	r18, 0xFB	; 251
     f98:	28 b9       	out	0x08, r18	; 8
		if (data & (1 << (7 - i))){
     f9a:	47 e0       	ldi	r20, 0x07	; 7
     f9c:	50 e0       	ldi	r21, 0x00	; 0
     f9e:	49 1b       	sub	r20, r25
     fa0:	51 09       	sbc	r21, r1
     fa2:	28 2f       	mov	r18, r24
     fa4:	30 e0       	ldi	r19, 0x00	; 0
     fa6:	02 c0       	rjmp	.+4      	; 0xfac <Shift595+0x22>
     fa8:	35 95       	asr	r19
     faa:	27 95       	ror	r18
     fac:	4a 95       	dec	r20
     fae:	e2 f7       	brpl	.-8      	; 0xfa8 <Shift595+0x1e>
     fb0:	20 ff       	sbrs	r18, 0
     fb2:	04 c0       	rjmp	.+8      	; 0xfbc <Shift595+0x32>
			GPIO_WRITE_PORTC(MS_DATA, HIGH);
     fb4:	28 b1       	in	r18, 0x08	; 8
     fb6:	28 60       	ori	r18, 0x08	; 8
     fb8:	28 b9       	out	0x08, r18	; 8
     fba:	03 c0       	rjmp	.+6      	; 0xfc2 <Shift595+0x38>
		}
		else{
			GPIO_WRITE_PORTC(MS_DATA, LOW);
     fbc:	28 b1       	in	r18, 0x08	; 8
     fbe:	27 7f       	andi	r18, 0xF7	; 247
     fc0:	28 b9       	out	0x08, r18	; 8
		}
		GPIO_WRITE_PORTC(MS_CLK, HIGH);
     fc2:	28 b1       	in	r18, 0x08	; 8
     fc4:	24 60       	ori	r18, 0x04	; 4
     fc6:	28 b9       	out	0x08, r18	; 8
	HAL_Timer_PWM_SetRaw(HAL_TIMER1, HAL_TIMER_CH_A, SERVO_MAX);
}

static void Shift595(uint8_t data){
	GPIO_WRITE_PORTC(MS_LATCH, LOW);
	for (uint8_t i = 0; i < 8; i++){
     fc8:	9f 5f       	subi	r25, 0xFF	; 255
     fca:	98 30       	cpi	r25, 0x08	; 8
     fcc:	18 f3       	brcs	.-58     	; 0xf94 <Shift595+0xa>
		else{
			GPIO_WRITE_PORTC(MS_DATA, LOW);
		}
		GPIO_WRITE_PORTC(MS_CLK, HIGH);
	}
	GPIO_WRITE_PORTC(MS_LATCH, HIGH);
     fce:	88 b1       	in	r24, 0x08	; 8
     fd0:	82 60       	ori	r24, 0x02	; 2
     fd2:	88 b9       	out	0x08, r24	; 8
     fd4:	08 95       	ret

00000fd6 <PWM_servo>:
static void Reiniciar(void){
	wdt_enable(WDTO_15MS);
	while (1){}
}

void PWM_servo(void){
     fd6:	cf 93       	push	r28
     fd8:	df 93       	push	r29
     fda:	00 d0       	rcall	.+0      	; 0xfdc <PWM_servo+0x6>
     fdc:	00 d0       	rcall	.+0      	; 0xfde <PWM_servo+0x8>
     fde:	cd b7       	in	r28, 0x3d	; 61
     fe0:	de b7       	in	r29, 0x3e	; 62
	GPIO_PIN_MODE_PORTD(Pin_servo, OUTPUT);
     fe2:	8a b1       	in	r24, 0x0a	; 10
     fe4:	80 62       	ori	r24, 0x20	; 32
     fe6:	8a b9       	out	0x0a, r24	; 10
	hal_timer_config_t cfg = {
     fe8:	82 e0       	ldi	r24, 0x02	; 2
     fea:	89 83       	std	Y+1, r24	; 0x01
     fec:	8a 83       	std	Y+2, r24	; 0x02
     fee:	8f e3       	ldi	r24, 0x3F	; 63
     ff0:	9c e9       	ldi	r25, 0x9C	; 156
     ff2:	9c 83       	std	Y+4, r25	; 0x04
     ff4:	8b 83       	std	Y+3, r24	; 0x03
		.mode      = HAL_TIMER_MODE_FAST_PWM,
		.prescaler = HAL_TIMER_PRESCALER_8,
		.top       = 39999
	};
	HAL_Timer_Init(HAL_TIMER1, &cfg);
     ff6:	be 01       	movw	r22, r28
     ff8:	6f 5f       	subi	r22, 0xFF	; 255
     ffa:	7f 4f       	sbci	r23, 0xFF	; 255
     ffc:	81 e0       	ldi	r24, 0x01	; 1
     ffe:	84 db       	rcall	.-2296   	; 0x708 <HAL_Timer_Init>
	HAL_Timer_PWM_Enable(HAL_TIMER1, HAL_TIMER_CH_A);
    1000:	60 e0       	ldi	r22, 0x00	; 0
    1002:	81 e0       	ldi	r24, 0x01	; 1
    1004:	b3 dc       	rcall	.-1690   	; 0x96c <HAL_Timer_PWM_Enable>
	HAL_Timer_PWM_SetRaw(HAL_TIMER1, HAL_TIMER_CH_A, SERVO_MIN);
    1006:	40 ed       	ldi	r20, 0xD0	; 208
    1008:	57 e0       	ldi	r21, 0x07	; 7
    100a:	60 e0       	ldi	r22, 0x00	; 0
    100c:	81 e0       	ldi	r24, 0x01	; 1
	HAL_Timer_Start(HAL_TIMER1);
    100e:	f9 dc       	rcall	.-1550   	; 0xa02 <HAL_Timer_PWM_SetRaw>
    1010:	81 e0       	ldi	r24, 0x01	; 1
    1012:	b5 db       	rcall	.-2198   	; 0x77e <HAL_Timer_Start>
}
    1014:	0f 90       	pop	r0
    1016:	0f 90       	pop	r0
    1018:	0f 90       	pop	r0
    101a:	0f 90       	pop	r0
    101c:	df 91       	pop	r29
    101e:	cf 91       	pop	r28
    1020:	08 95       	ret

00001022 <Servo_abrir>:

void Servo_abrir(void){
	HAL_Timer_PWM_SetRaw(HAL_TIMER1, HAL_TIMER_CH_A, SERVO_MIN);
    1022:	40 ed       	ldi	r20, 0xD0	; 208
    1024:	57 e0       	ldi	r21, 0x07	; 7
    1026:	60 e0       	ldi	r22, 0x00	; 0
    1028:	81 e0       	ldi	r24, 0x01	; 1
    102a:	eb cc       	rjmp	.-1578   	; 0xa02 <HAL_Timer_PWM_SetRaw>
    102c:	08 95       	ret

0000102e <Servo_cerrar>:
}

void Servo_cerrar(void){
	HAL_Timer_PWM_SetRaw(HAL_TIMER1, HAL_TIMER_CH_A, SERVO_MAX);
    102e:	40 ea       	ldi	r20, 0xA0	; 160
    1030:	5f e0       	ldi	r21, 0x0F	; 15
    1032:	60 e0       	ldi	r22, 0x00	; 0
    1034:	81 e0       	ldi	r24, 0x01	; 1
    1036:	e5 cc       	rjmp	.-1590   	; 0xa02 <HAL_Timer_PWM_SetRaw>
    1038:	08 95       	ret

0000103a <Motor_init>:
		GPIO_WRITE_PORTC(MS_CLK, HIGH);
	}
	GPIO_WRITE_PORTC(MS_LATCH, HIGH);
}

void Motor_init(void){
    103a:	cf 93       	push	r28
    103c:	df 93       	push	r29
    103e:	00 d0       	rcall	.+0      	; 0x1040 <Motor_init+0x6>
    1040:	00 d0       	rcall	.+0      	; 0x1042 <Motor_init+0x8>
    1042:	cd b7       	in	r28, 0x3d	; 61
    1044:	de b7       	in	r29, 0x3e	; 62
	GPIO_PIN_MODE_PORTC(MS_LATCH, OUTPUT);
    1046:	87 b1       	in	r24, 0x07	; 7
    1048:	82 60       	ori	r24, 0x02	; 2
    104a:	87 b9       	out	0x07, r24	; 7
	GPIO_PIN_MODE_PORTC(MS_CLK, OUTPUT);
    104c:	87 b1       	in	r24, 0x07	; 7
    104e:	84 60       	ori	r24, 0x04	; 4
    1050:	87 b9       	out	0x07, r24	; 7
	GPIO_PIN_MODE_PORTC(MS_DATA, OUTPUT);
    1052:	87 b1       	in	r24, 0x07	; 7
    1054:	88 60       	ori	r24, 0x08	; 8
    1056:	87 b9       	out	0x07, r24	; 7
	GPIO_PIN_MODE_PORTD(PWM, OUTPUT);
    1058:	8a b1       	in	r24, 0x0a	; 10
    105a:	80 68       	ori	r24, 0x80	; 128
    105c:	8a b9       	out	0x0a, r24	; 10
	hal_timer_config_t cfg = {
    105e:	82 e0       	ldi	r24, 0x02	; 2
    1060:	89 83       	std	Y+1, r24	; 0x01
    1062:	8a 83       	std	Y+2, r24	; 0x02
    1064:	8f ef       	ldi	r24, 0xFF	; 255
    1066:	90 e0       	ldi	r25, 0x00	; 0
    1068:	9c 83       	std	Y+4, r25	; 0x04
    106a:	8b 83       	std	Y+3, r24	; 0x03
		.mode      = HAL_TIMER_MODE_FAST_PWM,
		.prescaler = HAL_TIMER_PRESCALER_8,
		.top       = 255
	};
	HAL_Timer_Init(HAL_TIMER2, &cfg);
    106c:	be 01       	movw	r22, r28
    106e:	6f 5f       	subi	r22, 0xFF	; 255
    1070:	7f 4f       	sbci	r23, 0xFF	; 255
    1072:	82 e0       	ldi	r24, 0x02	; 2
    1074:	49 db       	rcall	.-2414   	; 0x708 <HAL_Timer_Init>
	HAL_Timer_PWM_Enable(HAL_TIMER2, HAL_TIMER_CH_A);
    1076:	60 e0       	ldi	r22, 0x00	; 0
    1078:	82 e0       	ldi	r24, 0x02	; 2
    107a:	78 dc       	rcall	.-1808   	; 0x96c <HAL_Timer_PWM_Enable>
	HAL_Timer_PWM_SetRaw(HAL_TIMER2, HAL_TIMER_CH_A, 0);
    107c:	40 e0       	ldi	r20, 0x00	; 0
    107e:	50 e0       	ldi	r21, 0x00	; 0
    1080:	60 e0       	ldi	r22, 0x00	; 0
    1082:	82 e0       	ldi	r24, 0x02	; 2
	HAL_Timer_Start(HAL_TIMER2);
    1084:	be dc       	rcall	.-1668   	; 0xa02 <HAL_Timer_PWM_SetRaw>
    1086:	82 e0       	ldi	r24, 0x02	; 2
	Shift595(0x00);
    1088:	7a db       	rcall	.-2316   	; 0x77e <HAL_Timer_Start>
    108a:	80 e0       	ldi	r24, 0x00	; 0
    108c:	7e df       	rcall	.-260    	; 0xf8a <Shift595>
}
    108e:	0f 90       	pop	r0
    1090:	0f 90       	pop	r0
    1092:	0f 90       	pop	r0
    1094:	0f 90       	pop	r0
    1096:	df 91       	pop	r29
    1098:	cf 91       	pop	r28
    109a:	08 95       	ret

0000109c <PWM_Motor_Adelante>:

void PWM_Motor_Adelante(void){
	Shift595(1 << M1_A);
    109c:	84 e0       	ldi	r24, 0x04	; 4
    109e:	75 df       	rcall	.-278    	; 0xf8a <Shift595>
	HAL_Timer_PWM_SetRaw(HAL_TIMER2, HAL_TIMER_CH_A, Velocidad);
    10a0:	48 e7       	ldi	r20, 0x78	; 120
    10a2:	50 e0       	ldi	r21, 0x00	; 0
    10a4:	60 e0       	ldi	r22, 0x00	; 0
    10a6:	82 e0       	ldi	r24, 0x02	; 2
    10a8:	ac cc       	rjmp	.-1704   	; 0xa02 <HAL_Timer_PWM_SetRaw>
    10aa:	08 95       	ret

000010ac <PWM_Motor_Atras>:
}

void PWM_Motor_Atras(void){
	Shift595(1 << M1_B);
    10ac:	88 e0       	ldi	r24, 0x08	; 8
    10ae:	6d df       	rcall	.-294    	; 0xf8a <Shift595>
	HAL_Timer_PWM_SetRaw(HAL_TIMER2, HAL_TIMER_CH_A, Velocidad);
    10b0:	48 e7       	ldi	r20, 0x78	; 120
    10b2:	50 e0       	ldi	r21, 0x00	; 0
    10b4:	60 e0       	ldi	r22, 0x00	; 0
    10b6:	82 e0       	ldi	r24, 0x02	; 2
    10b8:	a4 cc       	rjmp	.-1720   	; 0xa02 <HAL_Timer_PWM_SetRaw>
    10ba:	08 95       	ret

000010bc <Detener_Motor>:
}

void Detener_Motor(void){
	Shift595(0x00);
    10bc:	80 e0       	ldi	r24, 0x00	; 0
    10be:	65 df       	rcall	.-310    	; 0xf8a <Shift595>
	HAL_Timer_PWM_SetRaw(HAL_TIMER2, HAL_TIMER_CH_A, 0);
    10c0:	40 e0       	ldi	r20, 0x00	; 0
    10c2:	50 e0       	ldi	r21, 0x00	; 0
    10c4:	60 e0       	ldi	r22, 0x00	; 0
    10c6:	82 e0       	ldi	r24, 0x02	; 2
    10c8:	9c cc       	rjmp	.-1736   	; 0xa02 <HAL_Timer_PWM_SetRaw>
    10ca:	08 95       	ret

000010cc <Timer_contador>:
}

void Timer_contador(void){
    10cc:	cf 93       	push	r28
    10ce:	df 93       	push	r29
    10d0:	00 d0       	rcall	.+0      	; 0x10d2 <Timer_contador+0x6>
    10d2:	00 d0       	rcall	.+0      	; 0x10d4 <Timer_contador+0x8>
    10d4:	cd b7       	in	r28, 0x3d	; 61
    10d6:	de b7       	in	r29, 0x3e	; 62
	hal_timer_config_t cfg = {
    10d8:	81 e0       	ldi	r24, 0x01	; 1
    10da:	89 83       	std	Y+1, r24	; 0x01
    10dc:	87 e0       	ldi	r24, 0x07	; 7
    10de:	8a 83       	std	Y+2, r24	; 0x02
    10e0:	8b e9       	ldi	r24, 0x9B	; 155
    10e2:	90 e0       	ldi	r25, 0x00	; 0
    10e4:	9c 83       	std	Y+4, r25	; 0x04
    10e6:	8b 83       	std	Y+3, r24	; 0x03
		.mode      = HAL_TIMER_MODE_CTC,
		.prescaler = HAL_TIMER_PRESCALER_1024,
		.top       = 155
	};
	HAL_Timer_Init(HAL_TIMER0, &cfg);
    10e8:	be 01       	movw	r22, r28
    10ea:	6f 5f       	subi	r22, 0xFF	; 255
    10ec:	7f 4f       	sbci	r23, 0xFF	; 255
    10ee:	80 e0       	ldi	r24, 0x00	; 0
    10f0:	0b db       	rcall	.-2538   	; 0x708 <HAL_Timer_Init>
	HAL_Timer_RegisterCallback(HAL_TIMER0, HAL_TIMER_IRQ_COMPARE_A, PaBajo);
    10f2:	4c e9       	ldi	r20, 0x9C	; 156
    10f4:	57 e0       	ldi	r21, 0x07	; 7
    10f6:	61 e0       	ldi	r22, 0x01	; 1
    10f8:	80 e0       	ldi	r24, 0x00	; 0
    10fa:	04 dc       	rcall	.-2040   	; 0x904 <HAL_Timer_RegisterCallback>
	HAL_Timer_EnableIRQ(HAL_TIMER0, HAL_TIMER_IRQ_COMPARE_A);
    10fc:	61 e0       	ldi	r22, 0x01	; 1
    10fe:	80 e0       	ldi	r24, 0x00	; 0
	HAL_Timer_Start(HAL_TIMER0);
    1100:	8c db       	rcall	.-2280   	; 0x81a <HAL_Timer_EnableIRQ>
    1102:	80 e0       	ldi	r24, 0x00	; 0
    1104:	3c db       	rcall	.-2440   	; 0x77e <HAL_Timer_Start>
}
    1106:	0f 90       	pop	r0
    1108:	0f 90       	pop	r0
    110a:	0f 90       	pop	r0
    110c:	0f 90       	pop	r0
    110e:	df 91       	pop	r29
    1110:	cf 91       	pop	r28
    1112:	08 95       	ret

00001114 <Boton_init>:

void Boton_init(void){
	GPIO_PIN_MODE_PORTD(2, INPUT);
    1114:	8a b1       	in	r24, 0x0a	; 10
    1116:	8b 7f       	andi	r24, 0xFB	; 251
    1118:	8a b9       	out	0x0a, r24	; 10
	GPIO_PULLUP_PORTD(2, HIGH);
    111a:	8b b1       	in	r24, 0x0b	; 11
    111c:	84 60       	ori	r24, 0x04	; 4
    111e:	8b b9       	out	0x0b, r24	; 11
	HAL_EXT_INT_RegisterCallback(HAL_EXT_INT0, HAL_IRQ_SENSE_FALL, Reiniciar);
    1120:	4a eb       	ldi	r20, 0xBA	; 186
    1122:	57 e0       	ldi	r21, 0x07	; 7
    1124:	62 e0       	ldi	r22, 0x02	; 2
    1126:	80 e0       	ldi	r24, 0x00	; 0
    1128:	0e 94 66 00 	call	0xcc	; 0xcc <HAL_EXT_INT_RegisterCallback>
	HAL_EXT_INT_CLEAR_FLAG(HAL_EXT_INT0);
    112c:	8c b3       	in	r24, 0x1c	; 28
    112e:	81 60       	ori	r24, 0x01	; 1
    1130:	8c bb       	out	0x1c, r24	; 28
	HAL_EXT_INT_ENABLE(HAL_EXT_INT0);
    1132:	8d b3       	in	r24, 0x1d	; 29
    1134:	81 60       	ori	r24, 0x01	; 1
    1136:	8d bb       	out	0x1d, r24	; 29
    1138:	08 95       	ret

0000113a <Buzzer_init>:
}

void Buzzer_init(void){
	GPIO_PIN_MODE_PORTB(Pin_buzzer, OUTPUT);
    113a:	84 b1       	in	r24, 0x04	; 4
    113c:	81 60       	ori	r24, 0x01	; 1
    113e:	84 b9       	out	0x04, r24	; 4
	GPIO_WRITE_PORTB(Pin_buzzer, LOW);
    1140:	85 b1       	in	r24, 0x05	; 5
    1142:	8e 7f       	andi	r24, 0xFE	; 254
    1144:	85 b9       	out	0x05, r24	; 5
    1146:	08 95       	ret

00001148 <Buzzer_sonar>:
}

void Buzzer_sonar(void){
	GPIO_WRITE_PORTB(Pin_buzzer, HIGH);
    1148:	85 b1       	in	r24, 0x05	; 5
    114a:	81 60       	ori	r24, 0x01	; 1
    114c:	85 b9       	out	0x05, r24	; 5
	#else
		//round up by default
		__ticks_dc = (uint32_t)(ceil(fabs(__tmp)));
	#endif

	__builtin_avr_delay_cycles(__ticks_dc);
    114e:	2f e5       	ldi	r18, 0x5F	; 95
    1150:	8a ee       	ldi	r24, 0xEA	; 234
    1152:	90 e0       	ldi	r25, 0x00	; 0
    1154:	21 50       	subi	r18, 0x01	; 1
    1156:	80 40       	sbci	r24, 0x00	; 0
    1158:	90 40       	sbci	r25, 0x00	; 0
    115a:	e1 f7       	brne	.-8      	; 0x1154 <Buzzer_sonar+0xc>
    115c:	00 c0       	rjmp	.+0      	; 0x115e <Buzzer_sonar+0x16>
    115e:	00 00       	nop
	_delay_ms(300);
	GPIO_WRITE_PORTB(Pin_buzzer, LOW);
    1160:	85 b1       	in	r24, 0x05	; 5
    1162:	8e 7f       	andi	r24, 0xFE	; 254
    1164:	85 b9       	out	0x05, r24	; 5
    1166:	08 95       	ret

00001168 <Menu_lcd>:
}

void Menu_lcd(void){
	lcd_init();
    1168:	7e d9       	rcall	.-3332   	; 0x466 <lcd_init>
	lcd_clear();
    116a:	fd d9       	rcall	.-3078   	; 0x566 <lcd_clear>
	lcd_disable_blink();
    116c:	05 da       	rcall	.-3062   	; 0x578 <lcd_disable_blink>
    116e:	10 ca       	rjmp	.-3040   	; 0x590 <lcd_disable_cursor>
	lcd_disable_cursor();
    1170:	08 95       	ret

00001172 <Actualizar_lcd>:
    1172:	61 e0       	ldi	r22, 0x01	; 1
    1174:	82 e0       	ldi	r24, 0x02	; 2
}

void Actualizar_lcd(void){
	lcd_set_cursor(2,1);
    1176:	d7 d9       	rcall	.-3154   	; 0x526 <lcd_set_cursor>
	lcd_printf("Personas: %d ", contador_personas);
    1178:	80 91 00 01 	lds	r24, 0x0100	; 0x800100 <__DATA_REGION_ORIGIN__>
    117c:	90 91 01 01 	lds	r25, 0x0101	; 0x800101 <__DATA_REGION_ORIGIN__+0x1>
    1180:	9f 93       	push	r25
    1182:	8f 93       	push	r24
    1184:	86 e1       	ldi	r24, 0x16	; 22
    1186:	91 e0       	ldi	r25, 0x01	; 1
    1188:	9f 93       	push	r25
    118a:	8f 93       	push	r24
    118c:	d6 d9       	rcall	.-3156   	; 0x53a <lcd_printf>
	lcd_set_cursor(3,1);
    118e:	61 e0       	ldi	r22, 0x01	; 1
    1190:	83 e0       	ldi	r24, 0x03	; 3
    1192:	c9 d9       	rcall	.-3182   	; 0x526 <lcd_set_cursor>
	lcd_printf("Vueltas: %d ", contador_vueltas);
    1194:	80 91 b4 01 	lds	r24, 0x01B4	; 0x8001b4 <contador_vueltas>
    1198:	90 91 b5 01 	lds	r25, 0x01B5	; 0x8001b5 <contador_vueltas+0x1>
    119c:	9f 93       	push	r25
    119e:	8f 93       	push	r24
    11a0:	84 e2       	ldi	r24, 0x24	; 36
    11a2:	91 e0       	ldi	r25, 0x01	; 1
    11a4:	9f 93       	push	r25
    11a6:	8f 93       	push	r24
    11a8:	c8 d9       	rcall	.-3184   	; 0x53a <lcd_printf>
}
    11aa:	8d b7       	in	r24, 0x3d	; 61
    11ac:	9e b7       	in	r25, 0x3e	; 62
    11ae:	08 96       	adiw	r24, 0x08	; 8
    11b0:	0f b6       	in	r0, 0x3f	; 63
    11b2:	f8 94       	cli
    11b4:	9e bf       	out	0x3e, r25	; 62
    11b6:	0f be       	out	0x3f, r0	; 63
    11b8:	8d bf       	out	0x3d, r24	; 61
    11ba:	08 95       	ret

000011bc <main>:

int main(void)
{
	MCUSR &= ~(1 << WDRF);
    11bc:	84 b7       	in	r24, 0x34	; 52
    11be:	87 7f       	andi	r24, 0xF7	; 247
    11c0:	84 bf       	out	0x34, r24	; 52
		);
	}
	else
	{
        uint8_t register temp_reg;
		__asm__ __volatile__ (
    11c2:	0f b6       	in	r0, 0x3f	; 63
    11c4:	f8 94       	cli
    11c6:	a8 95       	wdr
    11c8:	80 91 60 00 	lds	r24, 0x0060	; 0x800060 <__TEXT_REGION_LENGTH__+0x7e0060>
    11cc:	88 61       	ori	r24, 0x18	; 24
    11ce:	80 93 60 00 	sts	0x0060, r24	; 0x800060 <__TEXT_REGION_LENGTH__+0x7e0060>
    11d2:	10 92 60 00 	sts	0x0060, r1	; 0x800060 <__TEXT_REGION_LENGTH__+0x7e0060>
    11d6:	0f be       	out	0x3f, r0	; 63
	wdt_disable();

	PWM_servo();
    11d8:	fe de       	rcall	.-516    	; 0xfd6 <PWM_servo>
	Motor_init();
    11da:	2f df       	rcall	.-418    	; 0x103a <Motor_init>
	Buzzer_init();
    11dc:	ae df       	rcall	.-164    	; 0x113a <Buzzer_init>
	Boton_init();
    11de:	9a df       	rcall	.-204    	; 0x1114 <Boton_init>
    11e0:	75 df       	rcall	.-278    	; 0x10cc <Timer_contador>
	Timer_contador();
    11e2:	c2 df       	rcall	.-124    	; 0x1168 <Menu_lcd>
    11e4:	78 94       	sei
	Menu_lcd();
    11e6:	88 e0       	ldi	r24, 0x08	; 8
    11e8:	90 e0       	ldi	r25, 0x00	; 0

	HAL_IRQ_ENABLE();
    11ea:	90 93 01 01 	sts	0x0101, r25	; 0x800101 <__DATA_REGION_ORIGIN__+0x1>

	while (1)
	{
		contador_personas = 8;
    11ee:	80 93 00 01 	sts	0x0100, r24	; 0x800100 <__DATA_REGION_ORIGIN__>
    11f2:	10 92 b5 01 	sts	0x01B5, r1	; 0x8001b5 <contador_vueltas+0x1>
		contador_vueltas = 0;
    11f6:	10 92 b4 01 	sts	0x01B4, r1	; 0x8001b4 <contador_vueltas>
    11fa:	13 df       	rcall	.-474    	; 0x1022 <Servo_abrir>

		Servo_abrir();
    11fc:	5f df       	rcall	.-322    	; 0x10bc <Detener_Motor>
    11fe:	b3 d9       	rcall	.-3226   	; 0x566 <lcd_clear>
		Detener_Motor();
    1200:	61 e0       	ldi	r22, 0x01	; 1

		lcd_clear();
    1202:	81 e0       	ldi	r24, 0x01	; 1
    1204:	90 d9       	rcall	.-3296   	; 0x526 <lcd_set_cursor>
		lcd_set_cursor(1,1);
    1206:	81 e3       	ldi	r24, 0x31	; 49
    1208:	91 e0       	ldi	r25, 0x01	; 1
    120a:	81 d9       	rcall	.-3326   	; 0x50e <lcd_puts>
		lcd_puts("_MUERTE");
    120c:	81 e0       	ldi	r24, 0x01	; 1
    120e:	80 93 b2 01 	sts	0x01B2, r24	; 0x8001b2 <bandera_conteo>
    1212:	07 c0       	rjmp	.+14     	; 0x1222 <main+0x66>

		bandera_conteo = 1;
    1214:	ae df       	rcall	.-164    	; 0x1172 <Actualizar_lcd>
    1216:	8b e7       	ldi	r24, 0x7B	; 123
    1218:	92 e9       	ldi	r25, 0x92	; 146
		while (contador_personas > 0){
    121a:	01 97       	sbiw	r24, 0x01	; 1
			Actualizar_lcd();
    121c:	f1 f7       	brne	.-4      	; 0x121a <main+0x5e>
    121e:	00 c0       	rjmp	.+0      	; 0x1220 <main+0x64>
    1220:	00 00       	nop
    1222:	80 91 00 01 	lds	r24, 0x0100	; 0x800100 <__DATA_REGION_ORIGIN__>
    1226:	90 91 01 01 	lds	r25, 0x0101	; 0x800101 <__DATA_REGION_ORIGIN__+0x1>
		lcd_clear();
		lcd_set_cursor(1,1);
		lcd_puts("_MUERTE");

		bandera_conteo = 1;
		while (contador_personas > 0){
    122a:	18 16       	cp	r1, r24
    122c:	19 06       	cpc	r1, r25
    122e:	94 f3       	brlt	.-28     	; 0x1214 <main+0x58>
    1230:	10 92 b2 01 	sts	0x01B2, r1	; 0x8001b2 <bandera_conteo>
			Actualizar_lcd();
			_delay_ms(150);
		}
		bandera_conteo = 0;
    1234:	9e df       	rcall	.-196    	; 0x1172 <Actualizar_lcd>
    1236:	fb de       	rcall	.-522    	; 0x102e <Servo_cerrar>
		Actualizar_lcd();
    1238:	87 df       	rcall	.-242    	; 0x1148 <Buzzer_sonar>
    123a:	29 c0       	rjmp	.+82     	; 0x128e <main+0xd2>

		Servo_cerrar();
    123c:	2f df       	rcall	.-418    	; 0x109c <PWM_Motor_Adelante>
		Buzzer_sonar();
    123e:	9f e7       	ldi	r25, 0x7F	; 127
    1240:	29 ea       	ldi	r18, 0xA9	; 169

		while (contador_vueltas < 2){
    1242:	83 e0       	ldi	r24, 0x03	; 3
			PWM_Motor_Adelante();
    1244:	91 50       	subi	r25, 0x01	; 1
    1246:	20 40       	sbci	r18, 0x00	; 0
    1248:	80 40       	sbci	r24, 0x00	; 0
    124a:	e1 f7       	brne	.-8      	; 0x1244 <main+0x88>
    124c:	00 c0       	rjmp	.+0      	; 0x124e <main+0x92>
    124e:	00 00       	nop
    1250:	35 df       	rcall	.-406    	; 0x10bc <Detener_Motor>
    1252:	9f eb       	ldi	r25, 0xBF	; 191
    1254:	27 e2       	ldi	r18, 0x27	; 39
    1256:	89 e0       	ldi	r24, 0x09	; 9
			_delay_ms(1200);
			Detener_Motor();
    1258:	91 50       	subi	r25, 0x01	; 1
    125a:	20 40       	sbci	r18, 0x00	; 0
    125c:	80 40       	sbci	r24, 0x00	; 0
    125e:	e1 f7       	brne	.-8      	; 0x1258 <main+0x9c>
    1260:	00 c0       	rjmp	.+0      	; 0x1262 <main+0xa6>
    1262:	00 00       	nop
    1264:	23 df       	rcall	.-442    	; 0x10ac <PWM_Motor_Atras>
    1266:	9f e7       	ldi	r25, 0x7F	; 127
    1268:	29 ea       	ldi	r18, 0xA9	; 169
    126a:	83 e0       	ldi	r24, 0x03	; 3
			_delay_ms(3000);
			PWM_Motor_Atras();
    126c:	91 50       	subi	r25, 0x01	; 1
    126e:	20 40       	sbci	r18, 0x00	; 0
    1270:	80 40       	sbci	r24, 0x00	; 0
    1272:	e1 f7       	brne	.-8      	; 0x126c <main+0xb0>
    1274:	00 c0       	rjmp	.+0      	; 0x1276 <main+0xba>
    1276:	00 00       	nop
    1278:	21 df       	rcall	.-446    	; 0x10bc <Detener_Motor>
    127a:	80 91 b4 01 	lds	r24, 0x01B4	; 0x8001b4 <contador_vueltas>
    127e:	90 91 b5 01 	lds	r25, 0x01B5	; 0x8001b5 <contador_vueltas+0x1>
			_delay_ms(1200);
			Detener_Motor();
    1282:	01 96       	adiw	r24, 0x01	; 1
			contador_vueltas++;
    1284:	90 93 b5 01 	sts	0x01B5, r25	; 0x8001b5 <contador_vueltas+0x1>
    1288:	80 93 b4 01 	sts	0x01B4, r24	; 0x8001b4 <contador_vueltas>
    128c:	72 df       	rcall	.-284    	; 0x1172 <Actualizar_lcd>
    128e:	80 91 b4 01 	lds	r24, 0x01B4	; 0x8001b4 <contador_vueltas>
			Actualizar_lcd();
    1292:	90 91 b5 01 	lds	r25, 0x01B5	; 0x8001b5 <contador_vueltas+0x1>
		Actualizar_lcd();

		Servo_cerrar();
		Buzzer_sonar();

		while (contador_vueltas < 2){
    1296:	02 97       	sbiw	r24, 0x02	; 2
    1298:	8c f2       	brlt	.-94     	; 0x123c <main+0x80>
    129a:	65 d9       	rcall	.-3382   	; 0x566 <lcd_clear>
    129c:	61 e0       	ldi	r22, 0x01	; 1
    129e:	82 e0       	ldi	r24, 0x02	; 2
			Detener_Motor();
			contador_vueltas++;
			Actualizar_lcd();
		}

		lcd_clear();
    12a0:	42 d9       	rcall	.-3452   	; 0x526 <lcd_set_cursor>

		while (1){
			lcd_set_cursor(2,1);
    12a2:	89 e3       	ldi	r24, 0x39	; 57
    12a4:	91 e0       	ldi	r25, 0x01	; 1
    12a6:	33 d9       	rcall	.-3482   	; 0x50e <lcd_puts>
    12a8:	9f e9       	ldi	r25, 0x9F	; 159
			lcd_puts("Presiona REINICIO");
    12aa:	26 e8       	ldi	r18, 0x86	; 134
    12ac:	81 e0       	ldi	r24, 0x01	; 1
    12ae:	91 50       	subi	r25, 0x01	; 1
    12b0:	20 40       	sbci	r18, 0x00	; 0
    12b2:	80 40       	sbci	r24, 0x00	; 0
    12b4:	e1 f7       	brne	.-8      	; 0x12ae <main+0xf2>
    12b6:	00 c0       	rjmp	.+0      	; 0x12b8 <main+0xfc>
    12b8:	00 00       	nop
    12ba:	61 e0       	ldi	r22, 0x01	; 1
    12bc:	82 e0       	ldi	r24, 0x02	; 2
    12be:	33 d9       	rcall	.-3482   	; 0x526 <lcd_set_cursor>
    12c0:	8b e4       	ldi	r24, 0x4B	; 75
    12c2:	91 e0       	ldi	r25, 0x01	; 1
			_delay_ms(500);
			lcd_set_cursor(2,1);
    12c4:	24 d9       	rcall	.-3512   	; 0x50e <lcd_puts>
    12c6:	9f e9       	ldi	r25, 0x9F	; 159
    12c8:	26 e8       	ldi	r18, 0x86	; 134
    12ca:	81 e0       	ldi	r24, 0x01	; 1
			lcd_puts("                 ");
    12cc:	91 50       	subi	r25, 0x01	; 1
    12ce:	20 40       	sbci	r18, 0x00	; 0
    12d0:	80 40       	sbci	r24, 0x00	; 0
    12d2:	e1 f7       	brne	.-8      	; 0x12cc <main+0x110>
    12d4:	00 c0       	rjmp	.+0      	; 0x12d6 <main+0x11a>
    12d6:	00 00       	nop
    12d8:	e1 cf       	rjmp	.-62     	; 0x129c <main+0xe0>

000012da <vsnprintf>:
    12da:	0f 93       	push	r16
    12dc:	1f 93       	push	r17
    12de:	cf 93       	push	r28
    12e0:	df 93       	push	r29
    12e2:	cd b7       	in	r28, 0x3d	; 61
    12e4:	de b7       	in	r29, 0x3e	; 62
    12e6:	2e 97       	sbiw	r28, 0x0e	; 14
    12e8:	0f b6       	in	r0, 0x3f	; 63
    12ea:	f8 94       	cli
    12ec:	de bf       	out	0x3e, r29	; 62
    12ee:	0f be       	out	0x3f, r0	; 63
    12f0:	cd bf       	out	0x3d, r28	; 61
    12f2:	8c 01       	movw	r16, r24
    12f4:	fa 01       	movw	r30, r20
    12f6:	86 e0       	ldi	r24, 0x06	; 6
    12f8:	8c 83       	std	Y+4, r24	; 0x04
    12fa:	1a 83       	std	Y+2, r17	; 0x02
    12fc:	09 83       	std	Y+1, r16	; 0x01
    12fe:	77 ff       	sbrs	r23, 7
    1300:	02 c0       	rjmp	.+4      	; 0x1306 <vsnprintf+0x2c>
    1302:	60 e0       	ldi	r22, 0x00	; 0
    1304:	70 e8       	ldi	r23, 0x80	; 128
    1306:	cb 01       	movw	r24, r22
    1308:	01 97       	sbiw	r24, 0x01	; 1
    130a:	9e 83       	std	Y+6, r25	; 0x06
    130c:	8d 83       	std	Y+5, r24	; 0x05
    130e:	a9 01       	movw	r20, r18
    1310:	bf 01       	movw	r22, r30
    1312:	ce 01       	movw	r24, r28
    1314:	01 96       	adiw	r24, 0x01	; 1
    1316:	19 d0       	rcall	.+50     	; 0x134a <vfprintf>
    1318:	4d 81       	ldd	r20, Y+5	; 0x05
    131a:	5e 81       	ldd	r21, Y+6	; 0x06
    131c:	57 fd       	sbrc	r21, 7
    131e:	0a c0       	rjmp	.+20     	; 0x1334 <vsnprintf+0x5a>
    1320:	2f 81       	ldd	r18, Y+7	; 0x07
    1322:	38 85       	ldd	r19, Y+8	; 0x08
    1324:	42 17       	cp	r20, r18
    1326:	53 07       	cpc	r21, r19
    1328:	0c f4       	brge	.+2      	; 0x132c <vsnprintf+0x52>
    132a:	9a 01       	movw	r18, r20
    132c:	f8 01       	movw	r30, r16
    132e:	e2 0f       	add	r30, r18
    1330:	f3 1f       	adc	r31, r19
    1332:	10 82       	st	Z, r1
    1334:	2e 96       	adiw	r28, 0x0e	; 14
    1336:	0f b6       	in	r0, 0x3f	; 63
    1338:	f8 94       	cli
    133a:	de bf       	out	0x3e, r29	; 62
    133c:	0f be       	out	0x3f, r0	; 63
    133e:	cd bf       	out	0x3d, r28	; 61
    1340:	df 91       	pop	r29
    1342:	cf 91       	pop	r28
    1344:	1f 91       	pop	r17
    1346:	0f 91       	pop	r16
    1348:	08 95       	ret

0000134a <vfprintf>:
    134a:	2f 92       	push	r2
    134c:	3f 92       	push	r3
    134e:	4f 92       	push	r4
    1350:	5f 92       	push	r5
    1352:	6f 92       	push	r6
    1354:	7f 92       	push	r7
    1356:	8f 92       	push	r8
    1358:	9f 92       	push	r9
    135a:	af 92       	push	r10
    135c:	bf 92       	push	r11
    135e:	cf 92       	push	r12
    1360:	df 92       	push	r13
    1362:	ef 92       	push	r14
    1364:	ff 92       	push	r15
    1366:	0f 93       	push	r16
    1368:	1f 93       	push	r17
    136a:	cf 93       	push	r28
    136c:	df 93       	push	r29
    136e:	cd b7       	in	r28, 0x3d	; 61
    1370:	de b7       	in	r29, 0x3e	; 62
    1372:	2b 97       	sbiw	r28, 0x0b	; 11
    1374:	0f b6       	in	r0, 0x3f	; 63
    1376:	f8 94       	cli
    1378:	de bf       	out	0x3e, r29	; 62
    137a:	0f be       	out	0x3f, r0	; 63
    137c:	cd bf       	out	0x3d, r28	; 61
    137e:	6c 01       	movw	r12, r24
    1380:	7b 01       	movw	r14, r22
    1382:	8a 01       	movw	r16, r20
    1384:	fc 01       	movw	r30, r24
    1386:	17 82       	std	Z+7, r1	; 0x07
    1388:	16 82       	std	Z+6, r1	; 0x06
    138a:	83 81       	ldd	r24, Z+3	; 0x03
    138c:	81 ff       	sbrs	r24, 1
    138e:	bf c1       	rjmp	.+894    	; 0x170e <vfprintf+0x3c4>
    1390:	ce 01       	movw	r24, r28
    1392:	01 96       	adiw	r24, 0x01	; 1
    1394:	3c 01       	movw	r6, r24
    1396:	f6 01       	movw	r30, r12
    1398:	93 81       	ldd	r25, Z+3	; 0x03
    139a:	f7 01       	movw	r30, r14
    139c:	93 fd       	sbrc	r25, 3
    139e:	85 91       	lpm	r24, Z+
    13a0:	93 ff       	sbrs	r25, 3
    13a2:	81 91       	ld	r24, Z+
    13a4:	7f 01       	movw	r14, r30
    13a6:	88 23       	and	r24, r24
    13a8:	09 f4       	brne	.+2      	; 0x13ac <vfprintf+0x62>
    13aa:	ad c1       	rjmp	.+858    	; 0x1706 <vfprintf+0x3bc>
    13ac:	85 32       	cpi	r24, 0x25	; 37
    13ae:	39 f4       	brne	.+14     	; 0x13be <vfprintf+0x74>
    13b0:	93 fd       	sbrc	r25, 3
    13b2:	85 91       	lpm	r24, Z+
    13b4:	93 ff       	sbrs	r25, 3
    13b6:	81 91       	ld	r24, Z+
    13b8:	7f 01       	movw	r14, r30
    13ba:	85 32       	cpi	r24, 0x25	; 37
    13bc:	21 f4       	brne	.+8      	; 0x13c6 <vfprintf+0x7c>
    13be:	b6 01       	movw	r22, r12
    13c0:	90 e0       	ldi	r25, 0x00	; 0
    13c2:	d6 d1       	rcall	.+940    	; 0x1770 <fputc>
    13c4:	e8 cf       	rjmp	.-48     	; 0x1396 <vfprintf+0x4c>
    13c6:	91 2c       	mov	r9, r1
    13c8:	21 2c       	mov	r2, r1
    13ca:	31 2c       	mov	r3, r1
    13cc:	ff e1       	ldi	r31, 0x1F	; 31
    13ce:	f3 15       	cp	r31, r3
    13d0:	d8 f0       	brcs	.+54     	; 0x1408 <vfprintf+0xbe>
    13d2:	8b 32       	cpi	r24, 0x2B	; 43
    13d4:	79 f0       	breq	.+30     	; 0x13f4 <vfprintf+0xaa>
    13d6:	38 f4       	brcc	.+14     	; 0x13e6 <vfprintf+0x9c>
    13d8:	80 32       	cpi	r24, 0x20	; 32
    13da:	79 f0       	breq	.+30     	; 0x13fa <vfprintf+0xb0>
    13dc:	83 32       	cpi	r24, 0x23	; 35
    13de:	a1 f4       	brne	.+40     	; 0x1408 <vfprintf+0xbe>
    13e0:	23 2d       	mov	r18, r3
    13e2:	20 61       	ori	r18, 0x10	; 16
    13e4:	1d c0       	rjmp	.+58     	; 0x1420 <vfprintf+0xd6>
    13e6:	8d 32       	cpi	r24, 0x2D	; 45
    13e8:	61 f0       	breq	.+24     	; 0x1402 <vfprintf+0xb8>
    13ea:	80 33       	cpi	r24, 0x30	; 48
    13ec:	69 f4       	brne	.+26     	; 0x1408 <vfprintf+0xbe>
    13ee:	23 2d       	mov	r18, r3
    13f0:	21 60       	ori	r18, 0x01	; 1
    13f2:	16 c0       	rjmp	.+44     	; 0x1420 <vfprintf+0xd6>
    13f4:	83 2d       	mov	r24, r3
    13f6:	82 60       	ori	r24, 0x02	; 2
    13f8:	38 2e       	mov	r3, r24
    13fa:	e3 2d       	mov	r30, r3
    13fc:	e4 60       	ori	r30, 0x04	; 4
    13fe:	3e 2e       	mov	r3, r30
    1400:	2a c0       	rjmp	.+84     	; 0x1456 <vfprintf+0x10c>
    1402:	f3 2d       	mov	r31, r3
    1404:	f8 60       	ori	r31, 0x08	; 8
    1406:	1d c0       	rjmp	.+58     	; 0x1442 <vfprintf+0xf8>
    1408:	37 fc       	sbrc	r3, 7
    140a:	2d c0       	rjmp	.+90     	; 0x1466 <vfprintf+0x11c>
    140c:	20 ed       	ldi	r18, 0xD0	; 208
    140e:	28 0f       	add	r18, r24
    1410:	2a 30       	cpi	r18, 0x0A	; 10
    1412:	40 f0       	brcs	.+16     	; 0x1424 <vfprintf+0xda>
    1414:	8e 32       	cpi	r24, 0x2E	; 46
    1416:	b9 f4       	brne	.+46     	; 0x1446 <vfprintf+0xfc>
    1418:	36 fc       	sbrc	r3, 6
    141a:	75 c1       	rjmp	.+746    	; 0x1706 <vfprintf+0x3bc>
    141c:	23 2d       	mov	r18, r3
    141e:	20 64       	ori	r18, 0x40	; 64
    1420:	32 2e       	mov	r3, r18
    1422:	19 c0       	rjmp	.+50     	; 0x1456 <vfprintf+0x10c>
    1424:	36 fe       	sbrs	r3, 6
    1426:	06 c0       	rjmp	.+12     	; 0x1434 <vfprintf+0xea>
    1428:	8a e0       	ldi	r24, 0x0A	; 10
    142a:	98 9e       	mul	r9, r24
    142c:	20 0d       	add	r18, r0
    142e:	11 24       	eor	r1, r1
    1430:	92 2e       	mov	r9, r18
    1432:	11 c0       	rjmp	.+34     	; 0x1456 <vfprintf+0x10c>
    1434:	ea e0       	ldi	r30, 0x0A	; 10
    1436:	2e 9e       	mul	r2, r30
    1438:	20 0d       	add	r18, r0
    143a:	11 24       	eor	r1, r1
    143c:	22 2e       	mov	r2, r18
    143e:	f3 2d       	mov	r31, r3
    1440:	f0 62       	ori	r31, 0x20	; 32
    1442:	3f 2e       	mov	r3, r31
    1444:	08 c0       	rjmp	.+16     	; 0x1456 <vfprintf+0x10c>
    1446:	8c 36       	cpi	r24, 0x6C	; 108
    1448:	21 f4       	brne	.+8      	; 0x1452 <vfprintf+0x108>
    144a:	83 2d       	mov	r24, r3
    144c:	80 68       	ori	r24, 0x80	; 128
    144e:	38 2e       	mov	r3, r24
    1450:	02 c0       	rjmp	.+4      	; 0x1456 <vfprintf+0x10c>
    1452:	88 36       	cpi	r24, 0x68	; 104
    1454:	41 f4       	brne	.+16     	; 0x1466 <vfprintf+0x11c>
    1456:	f7 01       	movw	r30, r14
    1458:	93 fd       	sbrc	r25, 3
    145a:	85 91       	lpm	r24, Z+
    145c:	93 ff       	sbrs	r25, 3
    145e:	81 91       	ld	r24, Z+
    1460:	7f 01       	movw	r14, r30
    1462:	81 11       	cpse	r24, r1
    1464:	b3 cf       	rjmp	.-154    	; 0x13cc <vfprintf+0x82>
    1466:	98 2f       	mov	r25, r24
    1468:	9f 7d       	andi	r25, 0xDF	; 223
    146a:	95 54       	subi	r25, 0x45	; 69
    146c:	93 30       	cpi	r25, 0x03	; 3
    146e:	28 f4       	brcc	.+10     	; 0x147a <vfprintf+0x130>
    1470:	0c 5f       	subi	r16, 0xFC	; 252
    1472:	1f 4f       	sbci	r17, 0xFF	; 255
    1474:	9f e3       	ldi	r25, 0x3F	; 63
    1476:	99 83       	std	Y+1, r25	; 0x01
    1478:	0d c0       	rjmp	.+26     	; 0x1494 <vfprintf+0x14a>
    147a:	83 36       	cpi	r24, 0x63	; 99
    147c:	31 f0       	breq	.+12     	; 0x148a <vfprintf+0x140>
    147e:	83 37       	cpi	r24, 0x73	; 115
    1480:	71 f0       	breq	.+28     	; 0x149e <vfprintf+0x154>
    1482:	83 35       	cpi	r24, 0x53	; 83
    1484:	09 f0       	breq	.+2      	; 0x1488 <vfprintf+0x13e>
    1486:	55 c0       	rjmp	.+170    	; 0x1532 <vfprintf+0x1e8>
    1488:	20 c0       	rjmp	.+64     	; 0x14ca <vfprintf+0x180>
    148a:	f8 01       	movw	r30, r16
    148c:	80 81       	ld	r24, Z
    148e:	89 83       	std	Y+1, r24	; 0x01
    1490:	0e 5f       	subi	r16, 0xFE	; 254
    1492:	1f 4f       	sbci	r17, 0xFF	; 255
    1494:	88 24       	eor	r8, r8
    1496:	83 94       	inc	r8
    1498:	91 2c       	mov	r9, r1
    149a:	53 01       	movw	r10, r6
    149c:	12 c0       	rjmp	.+36     	; 0x14c2 <vfprintf+0x178>
    149e:	28 01       	movw	r4, r16
    14a0:	f2 e0       	ldi	r31, 0x02	; 2
    14a2:	4f 0e       	add	r4, r31
    14a4:	51 1c       	adc	r5, r1
    14a6:	f8 01       	movw	r30, r16
    14a8:	a0 80       	ld	r10, Z
    14aa:	b1 80       	ldd	r11, Z+1	; 0x01
    14ac:	36 fe       	sbrs	r3, 6
    14ae:	03 c0       	rjmp	.+6      	; 0x14b6 <vfprintf+0x16c>
    14b0:	69 2d       	mov	r22, r9
    14b2:	70 e0       	ldi	r23, 0x00	; 0
    14b4:	02 c0       	rjmp	.+4      	; 0x14ba <vfprintf+0x170>
    14b6:	6f ef       	ldi	r22, 0xFF	; 255
    14b8:	7f ef       	ldi	r23, 0xFF	; 255
    14ba:	c5 01       	movw	r24, r10
    14bc:	4e d1       	rcall	.+668    	; 0x175a <strnlen>
    14be:	4c 01       	movw	r8, r24
    14c0:	82 01       	movw	r16, r4
    14c2:	f3 2d       	mov	r31, r3
    14c4:	ff 77       	andi	r31, 0x7F	; 127
    14c6:	3f 2e       	mov	r3, r31
    14c8:	15 c0       	rjmp	.+42     	; 0x14f4 <vfprintf+0x1aa>
    14ca:	28 01       	movw	r4, r16
    14cc:	22 e0       	ldi	r18, 0x02	; 2
    14ce:	42 0e       	add	r4, r18
    14d0:	51 1c       	adc	r5, r1
    14d2:	f8 01       	movw	r30, r16
    14d4:	a0 80       	ld	r10, Z
    14d6:	b1 80       	ldd	r11, Z+1	; 0x01
    14d8:	36 fe       	sbrs	r3, 6
    14da:	03 c0       	rjmp	.+6      	; 0x14e2 <vfprintf+0x198>
    14dc:	69 2d       	mov	r22, r9
    14de:	70 e0       	ldi	r23, 0x00	; 0
    14e0:	02 c0       	rjmp	.+4      	; 0x14e6 <vfprintf+0x19c>
    14e2:	6f ef       	ldi	r22, 0xFF	; 255
    14e4:	7f ef       	ldi	r23, 0xFF	; 255
    14e6:	c5 01       	movw	r24, r10
    14e8:	2d d1       	rcall	.+602    	; 0x1744 <strnlen_P>
    14ea:	4c 01       	movw	r8, r24
    14ec:	f3 2d       	mov	r31, r3
    14ee:	f0 68       	ori	r31, 0x80	; 128
    14f0:	3f 2e       	mov	r3, r31
    14f2:	82 01       	movw	r16, r4
    14f4:	33 fc       	sbrc	r3, 3
    14f6:	19 c0       	rjmp	.+50     	; 0x152a <vfprintf+0x1e0>
    14f8:	82 2d       	mov	r24, r2
    14fa:	90 e0       	ldi	r25, 0x00	; 0
    14fc:	88 16       	cp	r8, r24
    14fe:	99 06       	cpc	r9, r25
    1500:	a0 f4       	brcc	.+40     	; 0x152a <vfprintf+0x1e0>
    1502:	b6 01       	movw	r22, r12
    1504:	80 e2       	ldi	r24, 0x20	; 32
    1506:	90 e0       	ldi	r25, 0x00	; 0
    1508:	33 d1       	rcall	.+614    	; 0x1770 <fputc>
    150a:	2a 94       	dec	r2
    150c:	f5 cf       	rjmp	.-22     	; 0x14f8 <vfprintf+0x1ae>
    150e:	f5 01       	movw	r30, r10
    1510:	37 fc       	sbrc	r3, 7
    1512:	85 91       	lpm	r24, Z+
    1514:	37 fe       	sbrs	r3, 7
    1516:	81 91       	ld	r24, Z+
    1518:	5f 01       	movw	r10, r30
    151a:	b6 01       	movw	r22, r12
    151c:	90 e0       	ldi	r25, 0x00	; 0
    151e:	28 d1       	rcall	.+592    	; 0x1770 <fputc>
    1520:	21 10       	cpse	r2, r1
    1522:	2a 94       	dec	r2
    1524:	21 e0       	ldi	r18, 0x01	; 1
    1526:	82 1a       	sub	r8, r18
    1528:	91 08       	sbc	r9, r1
    152a:	81 14       	cp	r8, r1
    152c:	91 04       	cpc	r9, r1
    152e:	79 f7       	brne	.-34     	; 0x150e <vfprintf+0x1c4>
    1530:	e1 c0       	rjmp	.+450    	; 0x16f4 <vfprintf+0x3aa>
    1532:	84 36       	cpi	r24, 0x64	; 100
    1534:	11 f0       	breq	.+4      	; 0x153a <vfprintf+0x1f0>
    1536:	89 36       	cpi	r24, 0x69	; 105
    1538:	39 f5       	brne	.+78     	; 0x1588 <vfprintf+0x23e>
    153a:	f8 01       	movw	r30, r16
    153c:	37 fe       	sbrs	r3, 7
    153e:	07 c0       	rjmp	.+14     	; 0x154e <vfprintf+0x204>
    1540:	60 81       	ld	r22, Z
    1542:	71 81       	ldd	r23, Z+1	; 0x01
    1544:	82 81       	ldd	r24, Z+2	; 0x02
    1546:	93 81       	ldd	r25, Z+3	; 0x03
    1548:	0c 5f       	subi	r16, 0xFC	; 252
    154a:	1f 4f       	sbci	r17, 0xFF	; 255
    154c:	08 c0       	rjmp	.+16     	; 0x155e <vfprintf+0x214>
    154e:	60 81       	ld	r22, Z
    1550:	71 81       	ldd	r23, Z+1	; 0x01
    1552:	07 2e       	mov	r0, r23
    1554:	00 0c       	add	r0, r0
    1556:	88 0b       	sbc	r24, r24
    1558:	99 0b       	sbc	r25, r25
    155a:	0e 5f       	subi	r16, 0xFE	; 254
    155c:	1f 4f       	sbci	r17, 0xFF	; 255
    155e:	f3 2d       	mov	r31, r3
    1560:	ff 76       	andi	r31, 0x6F	; 111
    1562:	3f 2e       	mov	r3, r31
    1564:	97 ff       	sbrs	r25, 7
    1566:	09 c0       	rjmp	.+18     	; 0x157a <vfprintf+0x230>
    1568:	90 95       	com	r25
    156a:	80 95       	com	r24
    156c:	70 95       	com	r23
    156e:	61 95       	neg	r22
    1570:	7f 4f       	sbci	r23, 0xFF	; 255
    1572:	8f 4f       	sbci	r24, 0xFF	; 255
    1574:	9f 4f       	sbci	r25, 0xFF	; 255
    1576:	f0 68       	ori	r31, 0x80	; 128
    1578:	3f 2e       	mov	r3, r31
    157a:	2a e0       	ldi	r18, 0x0A	; 10
    157c:	30 e0       	ldi	r19, 0x00	; 0
    157e:	a3 01       	movw	r20, r6
    1580:	33 d1       	rcall	.+614    	; 0x17e8 <__ultoa_invert>
    1582:	88 2e       	mov	r8, r24
    1584:	86 18       	sub	r8, r6
    1586:	44 c0       	rjmp	.+136    	; 0x1610 <vfprintf+0x2c6>
    1588:	85 37       	cpi	r24, 0x75	; 117
    158a:	31 f4       	brne	.+12     	; 0x1598 <vfprintf+0x24e>
    158c:	23 2d       	mov	r18, r3
    158e:	2f 7e       	andi	r18, 0xEF	; 239
    1590:	b2 2e       	mov	r11, r18
    1592:	2a e0       	ldi	r18, 0x0A	; 10
    1594:	30 e0       	ldi	r19, 0x00	; 0
    1596:	25 c0       	rjmp	.+74     	; 0x15e2 <vfprintf+0x298>
    1598:	93 2d       	mov	r25, r3
    159a:	99 7f       	andi	r25, 0xF9	; 249
    159c:	b9 2e       	mov	r11, r25
    159e:	8f 36       	cpi	r24, 0x6F	; 111
    15a0:	c1 f0       	breq	.+48     	; 0x15d2 <vfprintf+0x288>
    15a2:	18 f4       	brcc	.+6      	; 0x15aa <vfprintf+0x260>
    15a4:	88 35       	cpi	r24, 0x58	; 88
    15a6:	79 f0       	breq	.+30     	; 0x15c6 <vfprintf+0x27c>
    15a8:	ae c0       	rjmp	.+348    	; 0x1706 <vfprintf+0x3bc>
    15aa:	80 37       	cpi	r24, 0x70	; 112
    15ac:	19 f0       	breq	.+6      	; 0x15b4 <vfprintf+0x26a>
    15ae:	88 37       	cpi	r24, 0x78	; 120
    15b0:	21 f0       	breq	.+8      	; 0x15ba <vfprintf+0x270>
    15b2:	a9 c0       	rjmp	.+338    	; 0x1706 <vfprintf+0x3bc>
    15b4:	e9 2f       	mov	r30, r25
    15b6:	e0 61       	ori	r30, 0x10	; 16
    15b8:	be 2e       	mov	r11, r30
    15ba:	b4 fe       	sbrs	r11, 4
    15bc:	0d c0       	rjmp	.+26     	; 0x15d8 <vfprintf+0x28e>
    15be:	fb 2d       	mov	r31, r11
    15c0:	f4 60       	ori	r31, 0x04	; 4
    15c2:	bf 2e       	mov	r11, r31
    15c4:	09 c0       	rjmp	.+18     	; 0x15d8 <vfprintf+0x28e>
    15c6:	34 fe       	sbrs	r3, 4
    15c8:	0a c0       	rjmp	.+20     	; 0x15de <vfprintf+0x294>
    15ca:	29 2f       	mov	r18, r25
    15cc:	26 60       	ori	r18, 0x06	; 6
    15ce:	b2 2e       	mov	r11, r18
    15d0:	06 c0       	rjmp	.+12     	; 0x15de <vfprintf+0x294>
    15d2:	28 e0       	ldi	r18, 0x08	; 8
    15d4:	30 e0       	ldi	r19, 0x00	; 0
    15d6:	05 c0       	rjmp	.+10     	; 0x15e2 <vfprintf+0x298>
    15d8:	20 e1       	ldi	r18, 0x10	; 16
    15da:	30 e0       	ldi	r19, 0x00	; 0
    15dc:	02 c0       	rjmp	.+4      	; 0x15e2 <vfprintf+0x298>
    15de:	20 e1       	ldi	r18, 0x10	; 16
    15e0:	32 e0       	ldi	r19, 0x02	; 2
    15e2:	f8 01       	movw	r30, r16
    15e4:	b7 fe       	sbrs	r11, 7
    15e6:	07 c0       	rjmp	.+14     	; 0x15f6 <vfprintf+0x2ac>
    15e8:	60 81       	ld	r22, Z
    15ea:	71 81       	ldd	r23, Z+1	; 0x01
    15ec:	82 81       	ldd	r24, Z+2	; 0x02
    15ee:	93 81       	ldd	r25, Z+3	; 0x03
    15f0:	0c 5f       	subi	r16, 0xFC	; 252
    15f2:	1f 4f       	sbci	r17, 0xFF	; 255
    15f4:	06 c0       	rjmp	.+12     	; 0x1602 <vfprintf+0x2b8>
    15f6:	60 81       	ld	r22, Z
    15f8:	71 81       	ldd	r23, Z+1	; 0x01
    15fa:	80 e0       	ldi	r24, 0x00	; 0
    15fc:	90 e0       	ldi	r25, 0x00	; 0
    15fe:	0e 5f       	subi	r16, 0xFE	; 254
    1600:	1f 4f       	sbci	r17, 0xFF	; 255
    1602:	a3 01       	movw	r20, r6
    1604:	f1 d0       	rcall	.+482    	; 0x17e8 <__ultoa_invert>
    1606:	88 2e       	mov	r8, r24
    1608:	86 18       	sub	r8, r6
    160a:	fb 2d       	mov	r31, r11
    160c:	ff 77       	andi	r31, 0x7F	; 127
    160e:	3f 2e       	mov	r3, r31
    1610:	36 fe       	sbrs	r3, 6
    1612:	0d c0       	rjmp	.+26     	; 0x162e <vfprintf+0x2e4>
    1614:	23 2d       	mov	r18, r3
    1616:	2e 7f       	andi	r18, 0xFE	; 254
    1618:	a2 2e       	mov	r10, r18
    161a:	89 14       	cp	r8, r9
    161c:	58 f4       	brcc	.+22     	; 0x1634 <vfprintf+0x2ea>
    161e:	34 fe       	sbrs	r3, 4
    1620:	0b c0       	rjmp	.+22     	; 0x1638 <vfprintf+0x2ee>
    1622:	32 fc       	sbrc	r3, 2
    1624:	09 c0       	rjmp	.+18     	; 0x1638 <vfprintf+0x2ee>
    1626:	83 2d       	mov	r24, r3
    1628:	8e 7e       	andi	r24, 0xEE	; 238
    162a:	a8 2e       	mov	r10, r24
    162c:	05 c0       	rjmp	.+10     	; 0x1638 <vfprintf+0x2ee>
    162e:	b8 2c       	mov	r11, r8
    1630:	a3 2c       	mov	r10, r3
    1632:	03 c0       	rjmp	.+6      	; 0x163a <vfprintf+0x2f0>
    1634:	b8 2c       	mov	r11, r8
    1636:	01 c0       	rjmp	.+2      	; 0x163a <vfprintf+0x2f0>
    1638:	b9 2c       	mov	r11, r9
    163a:	a4 fe       	sbrs	r10, 4
    163c:	0f c0       	rjmp	.+30     	; 0x165c <vfprintf+0x312>
    163e:	fe 01       	movw	r30, r28
    1640:	e8 0d       	add	r30, r8
    1642:	f1 1d       	adc	r31, r1
    1644:	80 81       	ld	r24, Z
    1646:	80 33       	cpi	r24, 0x30	; 48
    1648:	21 f4       	brne	.+8      	; 0x1652 <vfprintf+0x308>
    164a:	9a 2d       	mov	r25, r10
    164c:	99 7e       	andi	r25, 0xE9	; 233
    164e:	a9 2e       	mov	r10, r25
    1650:	09 c0       	rjmp	.+18     	; 0x1664 <vfprintf+0x31a>
    1652:	a2 fe       	sbrs	r10, 2
    1654:	06 c0       	rjmp	.+12     	; 0x1662 <vfprintf+0x318>
    1656:	b3 94       	inc	r11
    1658:	b3 94       	inc	r11
    165a:	04 c0       	rjmp	.+8      	; 0x1664 <vfprintf+0x31a>
    165c:	8a 2d       	mov	r24, r10
    165e:	86 78       	andi	r24, 0x86	; 134
    1660:	09 f0       	breq	.+2      	; 0x1664 <vfprintf+0x31a>
    1662:	b3 94       	inc	r11
    1664:	a3 fc       	sbrc	r10, 3
    1666:	10 c0       	rjmp	.+32     	; 0x1688 <vfprintf+0x33e>
    1668:	a0 fe       	sbrs	r10, 0
    166a:	06 c0       	rjmp	.+12     	; 0x1678 <vfprintf+0x32e>
    166c:	b2 14       	cp	r11, r2
    166e:	80 f4       	brcc	.+32     	; 0x1690 <vfprintf+0x346>
    1670:	28 0c       	add	r2, r8
    1672:	92 2c       	mov	r9, r2
    1674:	9b 18       	sub	r9, r11
    1676:	0d c0       	rjmp	.+26     	; 0x1692 <vfprintf+0x348>
    1678:	b2 14       	cp	r11, r2
    167a:	58 f4       	brcc	.+22     	; 0x1692 <vfprintf+0x348>
    167c:	b6 01       	movw	r22, r12
    167e:	80 e2       	ldi	r24, 0x20	; 32
    1680:	90 e0       	ldi	r25, 0x00	; 0
    1682:	76 d0       	rcall	.+236    	; 0x1770 <fputc>
    1684:	b3 94       	inc	r11
    1686:	f8 cf       	rjmp	.-16     	; 0x1678 <vfprintf+0x32e>
    1688:	b2 14       	cp	r11, r2
    168a:	18 f4       	brcc	.+6      	; 0x1692 <vfprintf+0x348>
    168c:	2b 18       	sub	r2, r11
    168e:	02 c0       	rjmp	.+4      	; 0x1694 <vfprintf+0x34a>
    1690:	98 2c       	mov	r9, r8
    1692:	21 2c       	mov	r2, r1
    1694:	a4 fe       	sbrs	r10, 4
    1696:	0f c0       	rjmp	.+30     	; 0x16b6 <vfprintf+0x36c>
    1698:	b6 01       	movw	r22, r12
    169a:	80 e3       	ldi	r24, 0x30	; 48
    169c:	90 e0       	ldi	r25, 0x00	; 0
    169e:	68 d0       	rcall	.+208    	; 0x1770 <fputc>
    16a0:	a2 fe       	sbrs	r10, 2
    16a2:	16 c0       	rjmp	.+44     	; 0x16d0 <vfprintf+0x386>
    16a4:	a1 fc       	sbrc	r10, 1
    16a6:	03 c0       	rjmp	.+6      	; 0x16ae <vfprintf+0x364>
    16a8:	88 e7       	ldi	r24, 0x78	; 120
    16aa:	90 e0       	ldi	r25, 0x00	; 0
    16ac:	02 c0       	rjmp	.+4      	; 0x16b2 <vfprintf+0x368>
    16ae:	88 e5       	ldi	r24, 0x58	; 88
    16b0:	90 e0       	ldi	r25, 0x00	; 0
    16b2:	b6 01       	movw	r22, r12
    16b4:	0c c0       	rjmp	.+24     	; 0x16ce <vfprintf+0x384>
    16b6:	8a 2d       	mov	r24, r10
    16b8:	86 78       	andi	r24, 0x86	; 134
    16ba:	51 f0       	breq	.+20     	; 0x16d0 <vfprintf+0x386>
    16bc:	a1 fe       	sbrs	r10, 1
    16be:	02 c0       	rjmp	.+4      	; 0x16c4 <vfprintf+0x37a>
    16c0:	8b e2       	ldi	r24, 0x2B	; 43
    16c2:	01 c0       	rjmp	.+2      	; 0x16c6 <vfprintf+0x37c>
    16c4:	80 e2       	ldi	r24, 0x20	; 32
    16c6:	a7 fc       	sbrc	r10, 7
    16c8:	8d e2       	ldi	r24, 0x2D	; 45
    16ca:	b6 01       	movw	r22, r12
    16cc:	90 e0       	ldi	r25, 0x00	; 0
    16ce:	50 d0       	rcall	.+160    	; 0x1770 <fputc>
    16d0:	89 14       	cp	r8, r9
    16d2:	30 f4       	brcc	.+12     	; 0x16e0 <vfprintf+0x396>
    16d4:	b6 01       	movw	r22, r12
    16d6:	80 e3       	ldi	r24, 0x30	; 48
    16d8:	90 e0       	ldi	r25, 0x00	; 0
    16da:	4a d0       	rcall	.+148    	; 0x1770 <fputc>
    16dc:	9a 94       	dec	r9
    16de:	f8 cf       	rjmp	.-16     	; 0x16d0 <vfprintf+0x386>
    16e0:	8a 94       	dec	r8
    16e2:	f3 01       	movw	r30, r6
    16e4:	e8 0d       	add	r30, r8
    16e6:	f1 1d       	adc	r31, r1
    16e8:	80 81       	ld	r24, Z
    16ea:	b6 01       	movw	r22, r12
    16ec:	90 e0       	ldi	r25, 0x00	; 0
    16ee:	40 d0       	rcall	.+128    	; 0x1770 <fputc>
    16f0:	81 10       	cpse	r8, r1
    16f2:	f6 cf       	rjmp	.-20     	; 0x16e0 <vfprintf+0x396>
    16f4:	22 20       	and	r2, r2
    16f6:	09 f4       	brne	.+2      	; 0x16fa <vfprintf+0x3b0>
    16f8:	4e ce       	rjmp	.-868    	; 0x1396 <vfprintf+0x4c>
    16fa:	b6 01       	movw	r22, r12
    16fc:	80 e2       	ldi	r24, 0x20	; 32
    16fe:	90 e0       	ldi	r25, 0x00	; 0
    1700:	37 d0       	rcall	.+110    	; 0x1770 <fputc>
    1702:	2a 94       	dec	r2
    1704:	f7 cf       	rjmp	.-18     	; 0x16f4 <vfprintf+0x3aa>
    1706:	f6 01       	movw	r30, r12
    1708:	86 81       	ldd	r24, Z+6	; 0x06
    170a:	97 81       	ldd	r25, Z+7	; 0x07
    170c:	02 c0       	rjmp	.+4      	; 0x1712 <vfprintf+0x3c8>
    170e:	8f ef       	ldi	r24, 0xFF	; 255
    1710:	9f ef       	ldi	r25, 0xFF	; 255
    1712:	2b 96       	adiw	r28, 0x0b	; 11
    1714:	0f b6       	in	r0, 0x3f	; 63
    1716:	f8 94       	cli
    1718:	de bf       	out	0x3e, r29	; 62
    171a:	0f be       	out	0x3f, r0	; 63
    171c:	cd bf       	out	0x3d, r28	; 61
    171e:	df 91       	pop	r29
    1720:	cf 91       	pop	r28
    1722:	1f 91       	pop	r17
    1724:	0f 91       	pop	r16
    1726:	ff 90       	pop	r15
    1728:	ef 90       	pop	r14
    172a:	df 90       	pop	r13
    172c:	cf 90       	pop	r12
    172e:	bf 90       	pop	r11
    1730:	af 90       	pop	r10
    1732:	9f 90       	pop	r9
    1734:	8f 90       	pop	r8
    1736:	7f 90       	pop	r7
    1738:	6f 90       	pop	r6
    173a:	5f 90       	pop	r5
    173c:	4f 90       	pop	r4
    173e:	3f 90       	pop	r3
    1740:	2f 90       	pop	r2
    1742:	08 95       	ret

00001744 <strnlen_P>:
    1744:	fc 01       	movw	r30, r24
    1746:	05 90       	lpm	r0, Z+
    1748:	61 50       	subi	r22, 0x01	; 1
    174a:	70 40       	sbci	r23, 0x00	; 0
    174c:	01 10       	cpse	r0, r1
    174e:	d8 f7       	brcc	.-10     	; 0x1746 <strnlen_P+0x2>
    1750:	80 95       	com	r24
    1752:	90 95       	com	r25
    1754:	8e 0f       	add	r24, r30
    1756:	9f 1f       	adc	r25, r31
    1758:	08 95       	ret

0000175a <strnlen>:
    175a:	fc 01       	movw	r30, r24
    175c:	61 50       	subi	r22, 0x01	; 1
    175e:	70 40       	sbci	r23, 0x00	; 0
    1760:	01 90       	ld	r0, Z+
    1762:	01 10       	cpse	r0, r1
    1764:	d8 f7       	brcc	.-10     	; 0x175c <strnlen+0x2>
    1766:	80 95       	com	r24
    1768:	90 95       	com	r25
    176a:	8e 0f       	add	r24, r30
    176c:	9f 1f       	adc	r25, r31
    176e:	08 95       	ret

00001770 <fputc>:
    1770:	0f 93       	push	r16
    1772:	1f 93       	push	r17
    1774:	cf 93       	push	r28
    1776:	df 93       	push	r29
    1778:	fb 01       	movw	r30, r22
    177a:	23 81       	ldd	r18, Z+3	; 0x03
    177c:	21 fd       	sbrc	r18, 1
    177e:	03 c0       	rjmp	.+6      	; 0x1786 <fputc+0x16>
    1780:	8f ef       	ldi	r24, 0xFF	; 255
    1782:	9f ef       	ldi	r25, 0xFF	; 255
    1784:	2c c0       	rjmp	.+88     	; 0x17de <fputc+0x6e>
    1786:	22 ff       	sbrs	r18, 2
    1788:	16 c0       	rjmp	.+44     	; 0x17b6 <fputc+0x46>
    178a:	46 81       	ldd	r20, Z+6	; 0x06
    178c:	57 81       	ldd	r21, Z+7	; 0x07
    178e:	24 81       	ldd	r18, Z+4	; 0x04
    1790:	35 81       	ldd	r19, Z+5	; 0x05
    1792:	42 17       	cp	r20, r18
    1794:	53 07       	cpc	r21, r19
    1796:	44 f4       	brge	.+16     	; 0x17a8 <fputc+0x38>
    1798:	a0 81       	ld	r26, Z
    179a:	b1 81       	ldd	r27, Z+1	; 0x01
    179c:	9d 01       	movw	r18, r26
    179e:	2f 5f       	subi	r18, 0xFF	; 255
    17a0:	3f 4f       	sbci	r19, 0xFF	; 255
    17a2:	31 83       	std	Z+1, r19	; 0x01
    17a4:	20 83       	st	Z, r18
    17a6:	8c 93       	st	X, r24
    17a8:	26 81       	ldd	r18, Z+6	; 0x06
    17aa:	37 81       	ldd	r19, Z+7	; 0x07
    17ac:	2f 5f       	subi	r18, 0xFF	; 255
    17ae:	3f 4f       	sbci	r19, 0xFF	; 255
    17b0:	37 83       	std	Z+7, r19	; 0x07
    17b2:	26 83       	std	Z+6, r18	; 0x06
    17b4:	14 c0       	rjmp	.+40     	; 0x17de <fputc+0x6e>
    17b6:	8b 01       	movw	r16, r22
    17b8:	ec 01       	movw	r28, r24
    17ba:	fb 01       	movw	r30, r22
    17bc:	00 84       	ldd	r0, Z+8	; 0x08
    17be:	f1 85       	ldd	r31, Z+9	; 0x09
    17c0:	e0 2d       	mov	r30, r0
    17c2:	09 95       	icall
    17c4:	89 2b       	or	r24, r25
    17c6:	e1 f6       	brne	.-72     	; 0x1780 <fputc+0x10>
    17c8:	d8 01       	movw	r26, r16
    17ca:	16 96       	adiw	r26, 0x06	; 6
    17cc:	8d 91       	ld	r24, X+
    17ce:	9c 91       	ld	r25, X
    17d0:	17 97       	sbiw	r26, 0x07	; 7
    17d2:	01 96       	adiw	r24, 0x01	; 1
    17d4:	17 96       	adiw	r26, 0x07	; 7
    17d6:	9c 93       	st	X, r25
    17d8:	8e 93       	st	-X, r24
    17da:	16 97       	sbiw	r26, 0x06	; 6
    17dc:	ce 01       	movw	r24, r28
    17de:	df 91       	pop	r29
    17e0:	cf 91       	pop	r28
    17e2:	1f 91       	pop	r17
    17e4:	0f 91       	pop	r16
    17e6:	08 95       	ret

000017e8 <__ultoa_invert>:
    17e8:	fa 01       	movw	r30, r20
    17ea:	aa 27       	eor	r26, r26
    17ec:	28 30       	cpi	r18, 0x08	; 8
    17ee:	51 f1       	breq	.+84     	; 0x1844 <__ultoa_invert+0x5c>
    17f0:	20 31       	cpi	r18, 0x10	; 16
    17f2:	81 f1       	breq	.+96     	; 0x1854 <__ultoa_invert+0x6c>
    17f4:	e8 94       	clt
    17f6:	6f 93       	push	r22
    17f8:	6e 7f       	andi	r22, 0xFE	; 254
    17fa:	6e 5f       	subi	r22, 0xFE	; 254
    17fc:	7f 4f       	sbci	r23, 0xFF	; 255
    17fe:	8f 4f       	sbci	r24, 0xFF	; 255
    1800:	9f 4f       	sbci	r25, 0xFF	; 255
    1802:	af 4f       	sbci	r26, 0xFF	; 255
    1804:	b1 e0       	ldi	r27, 0x01	; 1
    1806:	3e d0       	rcall	.+124    	; 0x1884 <__ultoa_invert+0x9c>
    1808:	b4 e0       	ldi	r27, 0x04	; 4
    180a:	3c d0       	rcall	.+120    	; 0x1884 <__ultoa_invert+0x9c>
    180c:	67 0f       	add	r22, r23
    180e:	78 1f       	adc	r23, r24
    1810:	89 1f       	adc	r24, r25
    1812:	9a 1f       	adc	r25, r26
    1814:	a1 1d       	adc	r26, r1
    1816:	68 0f       	add	r22, r24
    1818:	79 1f       	adc	r23, r25
    181a:	8a 1f       	adc	r24, r26
    181c:	91 1d       	adc	r25, r1
    181e:	a1 1d       	adc	r26, r1
    1820:	6a 0f       	add	r22, r26
    1822:	71 1d       	adc	r23, r1
    1824:	81 1d       	adc	r24, r1
    1826:	91 1d       	adc	r25, r1
    1828:	a1 1d       	adc	r26, r1
    182a:	20 d0       	rcall	.+64     	; 0x186c <__ultoa_invert+0x84>
    182c:	09 f4       	brne	.+2      	; 0x1830 <__ultoa_invert+0x48>
    182e:	68 94       	set
    1830:	3f 91       	pop	r19
    1832:	2a e0       	ldi	r18, 0x0A	; 10
    1834:	26 9f       	mul	r18, r22
    1836:	11 24       	eor	r1, r1
    1838:	30 19       	sub	r19, r0
    183a:	30 5d       	subi	r19, 0xD0	; 208
    183c:	31 93       	st	Z+, r19
    183e:	de f6       	brtc	.-74     	; 0x17f6 <__ultoa_invert+0xe>
    1840:	cf 01       	movw	r24, r30
    1842:	08 95       	ret
    1844:	46 2f       	mov	r20, r22
    1846:	47 70       	andi	r20, 0x07	; 7
    1848:	40 5d       	subi	r20, 0xD0	; 208
    184a:	41 93       	st	Z+, r20
    184c:	b3 e0       	ldi	r27, 0x03	; 3
    184e:	0f d0       	rcall	.+30     	; 0x186e <__ultoa_invert+0x86>
    1850:	c9 f7       	brne	.-14     	; 0x1844 <__ultoa_invert+0x5c>
    1852:	f6 cf       	rjmp	.-20     	; 0x1840 <__ultoa_invert+0x58>
    1854:	46 2f       	mov	r20, r22
    1856:	4f 70       	andi	r20, 0x0F	; 15
    1858:	40 5d       	subi	r20, 0xD0	; 208
    185a:	4a 33       	cpi	r20, 0x3A	; 58
    185c:	18 f0       	brcs	.+6      	; 0x1864 <__ultoa_invert+0x7c>
    185e:	49 5d       	subi	r20, 0xD9	; 217
    1860:	31 fd       	sbrc	r19, 1
    1862:	40 52       	subi	r20, 0x20	; 32
    1864:	41 93       	st	Z+, r20
    1866:	02 d0       	rcall	.+4      	; 0x186c <__ultoa_invert+0x84>
    1868:	a9 f7       	brne	.-22     	; 0x1854 <__ultoa_invert+0x6c>
    186a:	ea cf       	rjmp	.-44     	; 0x1840 <__ultoa_invert+0x58>
    186c:	b4 e0       	ldi	r27, 0x04	; 4
    186e:	a6 95       	lsr	r26
    1870:	97 95       	ror	r25
    1872:	87 95       	ror	r24
    1874:	77 95       	ror	r23
    1876:	67 95       	ror	r22
    1878:	ba 95       	dec	r27
    187a:	c9 f7       	brne	.-14     	; 0x186e <__ultoa_invert+0x86>
    187c:	00 97       	sbiw	r24, 0x00	; 0
    187e:	61 05       	cpc	r22, r1
    1880:	71 05       	cpc	r23, r1
    1882:	08 95       	ret
    1884:	9b 01       	movw	r18, r22
    1886:	ac 01       	movw	r20, r24
    1888:	0a 2e       	mov	r0, r26
    188a:	06 94       	lsr	r0
    188c:	57 95       	ror	r21
    188e:	47 95       	ror	r20
    1890:	37 95       	ror	r19
    1892:	27 95       	ror	r18
    1894:	ba 95       	dec	r27
    1896:	c9 f7       	brne	.-14     	; 0x188a <__ultoa_invert+0xa2>
    1898:	62 0f       	add	r22, r18
    189a:	73 1f       	adc	r23, r19
    189c:	84 1f       	adc	r24, r20
    189e:	95 1f       	adc	r25, r21
    18a0:	a0 1d       	adc	r26, r0
    18a2:	08 95       	ret

000018a4 <_exit>:
    18a4:	f8 94       	cli

000018a6 <__stop_program>:
    18a6:	ff cf       	rjmp	.-2      	; 0x18a6 <__stop_program>
